<?xml version = '1.0' encoding = 'UTF-8'?>
<Entity class="oracle.dbtools.crest.model.design.logical.Entity" directorySegmentName="seg_0" id="83C47A4C-A9B7-5DD3-03D5-AA630B8FCBB9" name="AUTOMOBIL">
<createdBy>jencmart</createdBy>
<createdTime>2017-04-12 10:04:47 UTC</createdTime>
<ownerDesignName>rozvozJIdelKonceptualni</ownerDesignName>
<engineerTo>
<item key="8E283CEE-4D6C-6372-395A-09B02EBDFD72" value="true"/>
</engineerTo>
<adequatelyNormalized>NO</adequatelyNormalized>
<expectedVolumes>0</expectedVolumes>
<fwdEngineeringStrategyName>Single Table</fwdEngineeringStrategyName>
<growthPercent>0</growthPercent>
<growthType>Year</growthType>
<maxVolumes>9999999</maxVolumes>
<minVolumes>0</minVolumes>
<normalForm>Third</normalForm>
<attributes itemClass="oracle.dbtools.crest.model.design.logical.Attribute">
<Attribute name="SPZ" id="1D55A3A2-2670-F737-9548-0E017AC62FF5">
<createdBy>jencmart</createdBy>
<createdTime>2017-04-12 10:05:01 UTC</createdTime>
<ownerDesignName>rozvozJIdelKonceptualni</ownerDesignName>
<engineerTo>
<item key="8E283CEE-4D6C-6372-395A-09B02EBDFD72" value="true"/>
</engineerTo>
<useDomainConstraints>false</useDomainConstraints>
<use>1</use>
<logicalDatatype>LOGDT024</logicalDatatype>
<dataTypeSize>15 CHAR</dataTypeSize>
<ownDataTypeParameters>15 CHAR,,</ownDataTypeParameters>
</Attribute>
<Attribute name="SPTREBA" id="8A75ACE4-3381-7673-4A2B-4BCBBD0834BD">
<createdBy>jencmart</createdBy>
<createdTime>2017-04-12 10:05:07 UTC</createdTime>
<ownerDesignName>rozvozJIdelKonceptualni</ownerDesignName>
<engineerTo>
<item key="8E283CEE-4D6C-6372-395A-09B02EBDFD72" value="true"/>
</engineerTo>
<nullsAllowed>true</nullsAllowed>
<useDomainConstraints>false</useDomainConstraints>
<use>1</use>
<logicalDatatype>LOGDT011</logicalDatatype>
<ownDataTypeParameters>,,</ownDataTypeParameters>
</Attribute>
<Attribute name="PROSTREDEK_ID" id="EB5F9F40-267A-D6AA-8170-B4E2ABF52549">
<createdBy>jencmart</createdBy>
<createdTime>2017-04-12 10:42:04 UTC</createdTime>
<generatorID>B958E4B6-87FF-EBDA-C527-C338CA8FFA7A</generatorID>
<ownerDesignName>rozvozJIdelKonceptualni</ownerDesignName>
<engineerTo>
<item key="8E283CEE-4D6C-6372-395A-09B02EBDFD72" value="true"/>
</engineerTo>
<referedAttribute>9399CB26-2A4C-3CCA-A0DB-6A9A1D89A310</referedAttribute>
<use>1</use>
<logicalDatatype>LOGDT011</logicalDatatype>
<ownDataTypeParameters>,,</ownDataTypeParameters>
</Attribute>
</attributes>
<identifiers itemClass="oracle.dbtools.crest.model.design.logical.CandidateKey">
<identifier id="B7D54C89-8B09-19F3-FC5E-F21CAD1536BF" name="AUTOMOBIL PK">
<createdBy>jencmart</createdBy>
<createdTime>2017-04-12 10:13:22 UTC</createdTime>
<ownerDesignName>rozvozJIdelKonceptualni</ownerDesignName>
<engineerTo>
<item key="8E283CEE-4D6C-6372-395A-09B02EBDFD72" value="true"/>
</engineerTo>
<pk>true</pk>
<usedAttributes>
<attributeRef>EB5F9F40-267A-D6AA-8170-B4E2ABF52549</attributeRef>
</usedAttributes>
</identifier>
</identifiers>
</Entity>