<?xml version = '1.0' encoding = 'UTF-8'?>
<FKIndexAssociation class="oracle.dbtools.crest.model.design.relational.FKIndexAssociation" directorySegmentName="seg_0" id="2856BC33-0455-D70B-4AD1-674741F7CEE5" containerWithKeyObject="2F4F80DE-436F-1671-D70C-07312631EEEA" localFKIndex="CE669F8E-79C0-DE85-F99E-D692F2A275A0" name="OBSAHUJE_POLOZKA_FK">
<createdBy>marti</createdBy>
<createdTime>2017-05-08 13:14:18 UTC</createdTime>
<generatorID>2B579C04-CF14-B5BF-05B2-26C4993E2931</generatorID>
<ownerDesignName>rozvozJIdelKonceptualni</ownerDesignName>
<referredTableLongName>POLOZKA</referredTableLongName>
<deleteRule>NO ACTION</deleteRule>
<referredTableID>08A0CFB5-7543-BECF-4FA3-3E826411DD87</referredTableID>
<keyObject>F0B94657-87FF-86F9-42B4-CEDCA8637734</keyObject>
<referredKeyID>F0B94657-87FF-86F9-42B4-CEDCA8637734</referredKeyID>
<mandatory>true</mandatory>
<refColNames>POLOZKA_ID</refColNames>
<transferable>true</transferable>
<rely>false</rely>
<columnDependencyConstraintGenerateInDDL>true</columnDependencyConstraintGenerateInDDL>
</FKIndexAssociation>