<?xml version = '1.0' encoding = 'UTF-8'?>
<FKIndexAssociation class="oracle.dbtools.crest.model.design.relational.FKIndexAssociation" directorySegmentName="seg_0" id="CC007717-C3A8-1391-0E54-A875A8301222" containerWithKeyObject="6BF7631E-0C79-658B-8B34-E9A86EE927E6" localFKIndex="50539802-F178-FDFF-F4B4-2B6275103F4D" name="OBJEDNAVKA_MANAGER_FK">
<createdBy>marti</createdBy>
<createdTime>2017-05-08 13:14:18 UTC</createdTime>
<generatorID>E9542876-D13E-4442-2E54-36B88695AF11</generatorID>
<ownerDesignName>rozvozJIdelKonceptualni</ownerDesignName>
<referredTableLongName>MANAGER</referredTableLongName>
<deleteRule>NO ACTION</deleteRule>
<referredTableID>0FC85099-364F-577C-ACA6-C33384A647F3</referredTableID>
<keyObject>E925D398-3968-2275-AC8C-F69D908FB49F</keyObject>
<referredKeyID>E925D398-3968-2275-AC8C-F69D908FB49F</referredKeyID>
<mandatory>true</mandatory>
<refColNames>MANAGER_ID</refColNames>
<transferable>true</transferable>
<rely>false</rely>
<columnDependencyConstraintGenerateInDDL>true</columnDependencyConstraintGenerateInDDL>
</FKIndexAssociation>