<?xml version = '1.0' encoding = 'UTF-8'?>
<Relation class="oracle.dbtools.crest.model.design.logical.Relation" name="objednal" directorySegmentName="seg_0" id="F2E71AAB-3D70-F583-112B-4C2C3B3112CC">
<createdBy>jencmart</createdBy>
<createdTime>2017-03-01 22:49:01 UTC</createdTime>
<ownerDesignName>rozvozJIdelKonceptualni</ownerDesignName>
<engineerTo>
<item key="8E283CEE-4D6C-6372-395A-09B02EBDFD72" value="true"/>
</engineerTo>
<sourcePk>385A3153-E489-6A22-9E9A-BCB172838DF4</sourcePk>
<identifying>false</identifying>
<nameOnSource>objednal</nameOnSource>
<nameOnTarget>je_objednana</nameOnTarget>
<optionalSource>true</optionalSource>
<optionalTarget>false</optionalTarget>
<sourceCardinality>1</sourceCardinality>
<sourceEntity>D92E4665-3CAD-42E0-F747-D8CFB8622A89</sourceEntity>
<targetCardinalityString>*</targetCardinalityString>
<targetEntity>BC660DA9-C180-FF5A-D98B-7E9E5F474A7F</targetEntity>
<transferable>true</transferable>
<deleteRule>NO ACTION</deleteRule>
</Relation>