<?xml version = '1.0' encoding = 'UTF-8'?>
<Entity class="oracle.dbtools.crest.model.design.logical.Entity" directorySegmentName="seg_0" id="196B1CDE-85F7-45A2-440B-CD51B8520637" name="ADRESA">
<createdBy>jencmart</createdBy>
<createdTime>2017-03-01 22:31:54 UTC</createdTime>
<ownerDesignName>rozvozJIdelKonceptualni</ownerDesignName>
<engineerTo>
<item key="8E283CEE-4D6C-6372-395A-09B02EBDFD72" value="true"/>
</engineerTo>
<adequatelyNormalized>NO</adequatelyNormalized>
<expectedVolumes>0</expectedVolumes>
<fwdEngineeringStrategyName>Single Table</fwdEngineeringStrategyName>
<growthPercent>0</growthPercent>
<growthType>Year</growthType>
<maxVolumes>9999999</maxVolumes>
<minVolumes>0</minVolumes>
<normalForm>Third</normalForm>
<attributes itemClass="oracle.dbtools.crest.model.design.logical.Attribute">
<Attribute name="ID_ADRESA" id="EE59AB33-F6CD-F5F2-D6C7-E07ACD622AD8">
<createdBy>jencmart</createdBy>
<createdTime>2017-04-11 21:11:52 UTC</createdTime>
<ownerDesignName>rozvozJIdelKonceptualni</ownerDesignName>
<engineerTo>
<item key="8E283CEE-4D6C-6372-395A-09B02EBDFD72" value="true"/>
</engineerTo>
<use>0</use>
<ownDataTypeParameters>,,</ownDataTypeParameters>
</Attribute>
<Attribute name="ULICE" id="23BCE47B-1CD0-14DE-0CE2-595F3D46DCD6">
<createdBy>jencmart</createdBy>
<createdTime>2017-03-01 22:32:13 UTC</createdTime>
<ownerDesignName>rozvozJIdelKonceptualni</ownerDesignName>
<engineerTo>
<item key="8E283CEE-4D6C-6372-395A-09B02EBDFD72" value="true"/>
</engineerTo>
<use>0</use>
<ownDataTypeParameters>,,</ownDataTypeParameters>
</Attribute>
<Attribute name="CISLO_POPISNE" id="6EE1D397-5ACE-72FE-1A00-8E272189F553">
<createdBy>jencmart</createdBy>
<createdTime>2017-03-01 22:32:17 UTC</createdTime>
<ownerDesignName>rozvozJIdelKonceptualni</ownerDesignName>
<engineerTo>
<item key="8E283CEE-4D6C-6372-395A-09B02EBDFD72" value="true"/>
</engineerTo>
<use>0</use>
<ownDataTypeParameters>,,</ownDataTypeParameters>
</Attribute>
<Attribute name="BYT_CISLO" id="8ADD4BF5-52E4-8BAA-28E0-B8AC7780143D">
<createdBy>jencmart</createdBy>
<createdTime>2017-03-01 22:32:31 UTC</createdTime>
<ownerDesignName>rozvozJIdelKonceptualni</ownerDesignName>
<engineerTo>
<item key="8E283CEE-4D6C-6372-395A-09B02EBDFD72" value="true"/>
</engineerTo>
<use>0</use>
<ownDataTypeParameters>,,</ownDataTypeParameters>
</Attribute>
<Attribute name="ID_LOKALITY" id="DCFAFA2F-6B24-699B-3A66-CD0C839EB7A0">
<createdBy>jencmart</createdBy>
<createdTime>2017-03-01 22:37:07 UTC</createdTime>
<generatorID>8B17A650-37AF-B07D-7867-CA3372559CFB</generatorID>
<ownerDesignName>rozvozJIdelKonceptualni</ownerDesignName>
<engineerTo>
<item key="8E283CEE-4D6C-6372-395A-09B02EBDFD72" value="true"/>
</engineerTo>
<nullsAllowed>true</nullsAllowed>
<referedAttribute>8476BDAD-4F06-E532-667E-AFBBD6B5CF46</referedAttribute>
<use>0</use>
<ownDataTypeParameters>,,</ownDataTypeParameters>
</Attribute>
</attributes>
<identifiers itemClass="oracle.dbtools.crest.model.design.logical.CandidateKey">
<identifier id="20B59923-CB87-C843-6F05-B69290590E14" name="ADRESA PK">
<createdBy>jencmart</createdBy>
<createdTime>2017-03-01 22:36:03 UTC</createdTime>
<ownerDesignName>rozvozJIdelKonceptualni</ownerDesignName>
<engineerTo>
<item key="8E283CEE-4D6C-6372-395A-09B02EBDFD72" value="true"/>
</engineerTo>
<pk>true</pk>
<usedAttributes>
<attributeRef>EE59AB33-F6CD-F5F2-D6C7-E07ACD622AD8</attributeRef>
</usedAttributes>
</identifier>
</identifiers>
</Entity>