<?xml version = '1.0' encoding = 'UTF-8'?>
<Entity class="oracle.dbtools.crest.model.design.logical.Entity" directorySegmentName="seg_0" id="20F8181E-E4A9-D8DC-D310-4F3F893E5353" name="TYP_DOPRAVNIHO_PROSTREDKU">
<createdBy>jencmart</createdBy>
<createdTime>2017-04-12 10:36:52 UTC</createdTime>
<ownerDesignName>rozvozJIdelKonceptualni</ownerDesignName>
<engineerTo>
<item key="8E283CEE-4D6C-6372-395A-09B02EBDFD72" value="true"/>
</engineerTo>
<adequatelyNormalized>NO</adequatelyNormalized>
<expectedVolumes>0</expectedVolumes>
<fwdEngineeringStrategyName>Single Table</fwdEngineeringStrategyName>
<growthPercent>0</growthPercent>
<growthType>Year</growthType>
<maxVolumes>9999999</maxVolumes>
<minVolumes>0</minVolumes>
<normalForm>Third</normalForm>
<attributes itemClass="oracle.dbtools.crest.model.design.logical.Attribute">
<Attribute name="ID_TYP_DOPRAVNIHO_PROSTREDKU" id="24AE1BEC-2ECB-7E0F-30E6-EA09E038191F">
<createdBy>jencmart</createdBy>
<createdTime>2017-04-12 10:39:27 UTC</createdTime>
<ownerDesignName>rozvozJIdelKonceptualni</ownerDesignName>
<engineerTo>
<item key="8E283CEE-4D6C-6372-395A-09B02EBDFD72" value="true"/>
</engineerTo>
<use>0</use>
<ownDataTypeParameters>,,</ownDataTypeParameters>
</Attribute>
<Attribute name="POPIS" id="563DE898-1E20-AE4C-65D3-F4A7D2D86317">
<createdBy>jencmart</createdBy>
<createdTime>2017-04-12 10:38:29 UTC</createdTime>
<ownerDesignName>rozvozJIdelKonceptualni</ownerDesignName>
<engineerTo>
<item key="8E283CEE-4D6C-6372-395A-09B02EBDFD72" value="true"/>
</engineerTo>
<use>0</use>
<ownDataTypeParameters>,,</ownDataTypeParameters>
</Attribute>
</attributes>
<identifiers itemClass="oracle.dbtools.crest.model.design.logical.CandidateKey">
<identifier id="C108ACF7-B569-EDAA-1DAD-B0835D76EAEB" name="TYP_PROSTREDKU PK">
<createdBy>jencmart</createdBy>
<createdTime>2017-04-12 10:39:59 UTC</createdTime>
<ownerDesignName>rozvozJIdelKonceptualni</ownerDesignName>
<engineerTo>
<item key="8E283CEE-4D6C-6372-395A-09B02EBDFD72" value="true"/>
</engineerTo>
<pk>true</pk>
<usedAttributes>
<attributeRef>24AE1BEC-2ECB-7E0F-30E6-EA09E038191F</attributeRef>
</usedAttributes>
</identifier>
</identifiers>
</Entity>