<?xml version = '1.0' encoding = 'UTF-8'?>
<Entity class="oracle.dbtools.crest.model.design.logical.Entity" directorySegmentName="seg_0" id="BEE908CB-569E-C003-8362-4C9312C950F7" name="KOLO">
<createdBy>jencmart</createdBy>
<createdTime>2017-04-12 09:55:18 UTC</createdTime>
<ownerDesignName>rozvozJIdelKonceptualni</ownerDesignName>
<engineerTo>
<item key="8E283CEE-4D6C-6372-395A-09B02EBDFD72" value="true"/>
</engineerTo>
<adequatelyNormalized>NO</adequatelyNormalized>
<expectedVolumes>0</expectedVolumes>
<fwdEngineeringStrategyName>Single Table</fwdEngineeringStrategyName>
<growthPercent>0</growthPercent>
<growthType>Year</growthType>
<maxVolumes>9999999</maxVolumes>
<minVolumes>0</minVolumes>
<normalForm>Third</normalForm>
<attributes itemClass="oracle.dbtools.crest.model.design.logical.Attribute">
<Attribute name="VELIKOST_RAMU" id="879BCD8B-62A5-905F-54B5-CA36DF555A18">
<createdBy>jencmart</createdBy>
<createdTime>2017-04-12 09:55:34 UTC</createdTime>
<ownerDesignName>rozvozJIdelKonceptualni</ownerDesignName>
<engineerTo>
<item key="8E283CEE-4D6C-6372-395A-09B02EBDFD72" value="true"/>
</engineerTo>
<nullsAllowed>true</nullsAllowed>
<use>0</use>
<ownDataTypeParameters>,,</ownDataTypeParameters>
</Attribute>
<Attribute name="ID_DOPRAVNI_PROSTREDEK" id="1880D70E-1A16-D95E-8DE2-957FDDC31AF1">
<createdBy>jencmart</createdBy>
<createdTime>2017-04-12 10:13:43 UTC</createdTime>
<generatorID>14A71FB2-353A-9535-3CB0-9FA86880C1F7</generatorID>
<ownerDesignName>rozvozJIdelKonceptualni</ownerDesignName>
<engineerTo>
<item key="8E283CEE-4D6C-6372-395A-09B02EBDFD72" value="true"/>
</engineerTo>
<referedAttribute>9399CB26-2A4C-3CCA-A0DB-6A9A1D89A310</referedAttribute>
<use>0</use>
<ownDataTypeParameters>,,</ownDataTypeParameters>
</Attribute>
<Attribute name="PRUMER_PNEUMATIK" id="B19FDD9F-CCCA-19D7-EC1A-4AF1C4FD074D">
<createdBy>jencmart</createdBy>
<createdTime>2017-04-12 10:15:19 UTC</createdTime>
<ownerDesignName>rozvozJIdelKonceptualni</ownerDesignName>
<engineerTo>
<item key="8E283CEE-4D6C-6372-395A-09B02EBDFD72" value="true"/>
</engineerTo>
<nullsAllowed>true</nullsAllowed>
<use>0</use>
<ownDataTypeParameters>,,</ownDataTypeParameters>
</Attribute>
</attributes>
<identifiers itemClass="oracle.dbtools.crest.model.design.logical.CandidateKey">
<identifier id="77EEF5D3-C8AD-E025-013D-30EA826B170F" name="KOLO PK">
<createdBy>jencmart</createdBy>
<createdTime>2017-04-12 10:13:43 UTC</createdTime>
<ownerDesignName>rozvozJIdelKonceptualni</ownerDesignName>
<engineerTo>
<item key="8E283CEE-4D6C-6372-395A-09B02EBDFD72" value="true"/>
</engineerTo>
<pk>true</pk>
<usedAttributes>
<attributeRef>1880D70E-1A16-D95E-8DE2-957FDDC31AF1</attributeRef>
</usedAttributes>
</identifier>
</identifiers>
</Entity>