<?xml version = '1.0' encoding = 'UTF-8'?>
<Entity class="oracle.dbtools.crest.model.design.logical.Entity" directorySegmentName="seg_0" id="D1C70640-C338-B4FD-0309-00414FCFD3EA" name="POLOZKA_JIDELNIHO_LISTKU">
<createdBy>jencmart</createdBy>
<createdTime>2017-03-01 22:57:31 UTC</createdTime>
<ownerDesignName>rozvozJIdelKonceptualni</ownerDesignName>
<engineerTo>
<item key="8E283CEE-4D6C-6372-395A-09B02EBDFD72" value="true"/>
</engineerTo>
<adequatelyNormalized>NO</adequatelyNormalized>
<expectedVolumes>0</expectedVolumes>
<fwdEngineeringStrategyName>Single Table</fwdEngineeringStrategyName>
<growthPercent>0</growthPercent>
<growthType>Year</growthType>
<maxVolumes>9999999</maxVolumes>
<minVolumes>0</minVolumes>
<normalForm>Third</normalForm>
<attributes itemClass="oracle.dbtools.crest.model.design.logical.Attribute">
<Attribute name="ID_POLOZKA_JIDELNIHO_LISTKU" id="26982913-CFD4-EF4E-CE80-A07FC0D8FCCA">
<createdBy>jencmart</createdBy>
<createdTime>2017-03-01 23:02:53 UTC</createdTime>
<ownerDesignName>rozvozJIdelKonceptualni</ownerDesignName>
<engineerTo>
<item key="8E283CEE-4D6C-6372-395A-09B02EBDFD72" value="true"/>
</engineerTo>
<use>0</use>
<ownDataTypeParameters>,,</ownDataTypeParameters>
</Attribute>
<Attribute name="NAZEV_JIDLA" id="A4AE5D09-7D81-864C-126E-F7A874BC2842">
<createdBy>jencmart</createdBy>
<createdTime>2017-03-01 23:03:09 UTC</createdTime>
<ownerDesignName>rozvozJIdelKonceptualni</ownerDesignName>
<engineerTo>
<item key="8E283CEE-4D6C-6372-395A-09B02EBDFD72" value="true"/>
</engineerTo>
<use>0</use>
<ownDataTypeParameters>,,</ownDataTypeParameters>
</Attribute>
<Attribute name="CENA" id="EE7075B7-E1C8-8FCC-163E-15A36E06B77B">
<createdBy>jencmart</createdBy>
<createdTime>2017-03-01 23:03:22 UTC</createdTime>
<ownerDesignName>rozvozJIdelKonceptualni</ownerDesignName>
<engineerTo>
<item key="8E283CEE-4D6C-6372-395A-09B02EBDFD72" value="true"/>
</engineerTo>
<use>0</use>
<ownDataTypeParameters>,,</ownDataTypeParameters>
</Attribute>
</attributes>
<identifiers itemClass="oracle.dbtools.crest.model.design.logical.CandidateKey">
<identifier id="B72FD291-808C-AE49-8E90-F15FA254C5AA" name="POLOZKA_LISTKU PK">
<createdBy>jencmart</createdBy>
<createdTime>2017-03-01 23:03:27 UTC</createdTime>
<ownerDesignName>rozvozJIdelKonceptualni</ownerDesignName>
<engineerTo>
<item key="8E283CEE-4D6C-6372-395A-09B02EBDFD72" value="true"/>
</engineerTo>
<pk>true</pk>
<usedAttributes>
<attributeRef>26982913-CFD4-EF4E-CE80-A07FC0D8FCCA</attributeRef>
</usedAttributes>
</identifier>
</identifiers>
</Entity>