<?xml version = '1.0' encoding = 'UTF-8'?>
<Entity class="oracle.dbtools.crest.model.design.logical.Entity" directorySegmentName="seg_0" id="D4478F75-4BFF-1C68-9B45-68C76761B53D" name="MANAGER">
<createdBy>jencmart</createdBy>
<createdTime>2017-04-11 19:54:49 UTC</createdTime>
<ownerDesignName>rozvozJIdelKonceptualni</ownerDesignName>
<engineerTo>
<item key="8E283CEE-4D6C-6372-395A-09B02EBDFD72" value="true"/>
</engineerTo>
<adequatelyNormalized>NO</adequatelyNormalized>
<expectedVolumes>0</expectedVolumes>
<fwdEngineeringStrategyName>Single Table</fwdEngineeringStrategyName>
<growthPercent>0</growthPercent>
<growthType>Year</growthType>
<maxVolumes>9999999</maxVolumes>
<minVolumes>0</minVolumes>
<normalForm>Third</normalForm>
<attributes itemClass="oracle.dbtools.crest.model.design.logical.Attribute">
<Attribute name="ID_MANAGER" id="F94E354D-7FBD-E077-5694-7102FA0FF81A">
<createdBy>jencmart</createdBy>
<createdTime>2017-04-11 20:37:14 UTC</createdTime>
<ownerDesignName>rozvozJIdelKonceptualni</ownerDesignName>
<engineerTo>
<item key="8E283CEE-4D6C-6372-395A-09B02EBDFD72" value="true"/>
</engineerTo>
<use>0</use>
<ownDataTypeParameters>,,</ownDataTypeParameters>
</Attribute>
<Attribute name="JMENO" id="FE4CE682-0C49-A30F-ACDD-2949C038A3E2">
<createdBy>jencmart</createdBy>
<createdTime>2017-04-11 20:37:15 UTC</createdTime>
<ownerDesignName>rozvozJIdelKonceptualni</ownerDesignName>
<engineerTo>
<item key="8E283CEE-4D6C-6372-395A-09B02EBDFD72" value="true"/>
</engineerTo>
<use>0</use>
<ownDataTypeParameters>,,</ownDataTypeParameters>
</Attribute>
<Attribute name="PRIJMENI" id="60871357-DAD8-472A-6ADC-C6EE9F203B4A">
<createdBy>jencmart</createdBy>
<createdTime>2017-04-11 20:37:15 UTC</createdTime>
<ownerDesignName>rozvozJIdelKonceptualni</ownerDesignName>
<engineerTo>
<item key="8E283CEE-4D6C-6372-395A-09B02EBDFD72" value="true"/>
</engineerTo>
<use>0</use>
<ownDataTypeParameters>,,</ownDataTypeParameters>
</Attribute>
<Attribute name="RODNE_CISLO" id="BAF9A970-A5A1-6F2C-7E78-0AC01BA0D148">
<createdBy>jencmart</createdBy>
<createdTime>2017-04-11 20:37:15 UTC</createdTime>
<ownerDesignName>rozvozJIdelKonceptualni</ownerDesignName>
<engineerTo>
<item key="8E283CEE-4D6C-6372-395A-09B02EBDFD72" value="true"/>
</engineerTo>
<use>0</use>
<ownDataTypeParameters>,,</ownDataTypeParameters>
</Attribute>
<Attribute name="DATUM_NASTUPU" id="4B56D987-C91E-5E5E-D563-B6D987B65402">
<createdBy>jencmart</createdBy>
<createdTime>2017-04-11 20:38:28 UTC</createdTime>
<ownerDesignName>rozvozJIdelKonceptualni</ownerDesignName>
<engineerTo>
<item key="8E283CEE-4D6C-6372-395A-09B02EBDFD72" value="true"/>
</engineerTo>
<nullsAllowed>true</nullsAllowed>
<use>0</use>
<ownDataTypeParameters>,,</ownDataTypeParameters>
</Attribute>
<Attribute name="PLAT" id="E4F654E5-8BEC-D5B7-ED5D-4B0A9353ECD1">
<createdBy>jencmart</createdBy>
<createdTime>2017-04-11 20:38:45 UTC</createdTime>
<ownerDesignName>rozvozJIdelKonceptualni</ownerDesignName>
<engineerTo>
<item key="8E283CEE-4D6C-6372-395A-09B02EBDFD72" value="true"/>
</engineerTo>
<nullsAllowed>true</nullsAllowed>
<use>0</use>
<ownDataTypeParameters>,,</ownDataTypeParameters>
</Attribute>
</attributes>
<identifiers itemClass="oracle.dbtools.crest.model.design.logical.CandidateKey">
<identifier id="3E3F889A-F77D-148A-542F-C15BFA598AD5" name="ZAMESTNANEC PK">
<createdBy>jencmart</createdBy>
<createdTime>2017-04-11 20:37:40 UTC</createdTime>
<ownerDesignName>rozvozJIdelKonceptualni</ownerDesignName>
<engineerTo>
<item key="8E283CEE-4D6C-6372-395A-09B02EBDFD72" value="true"/>
</engineerTo>
<pk>true</pk>
<usedAttributes>
<attributeRef>F94E354D-7FBD-E077-5694-7102FA0FF81A</attributeRef>
</usedAttributes>
</identifier>
</identifiers>
</Entity>