<?xml version = '1.0' encoding = 'UTF-8'?>
<Entity class="oracle.dbtools.crest.model.design.logical.Entity" directorySegmentName="seg_0" id="D8F221CD-1CCC-F4BE-5BE3-E9A0E4A9F02B" name="HISTORIE_OBJEDNAVKA">
<createdBy>jencmart</createdBy>
<createdTime>2017-03-01 22:45:34 UTC</createdTime>
<ownerDesignName>rozvozJIdelKonceptualni</ownerDesignName>
<engineerTo>
<item key="8E283CEE-4D6C-6372-395A-09B02EBDFD72" value="true"/>
</engineerTo>
<adequatelyNormalized>NO</adequatelyNormalized>
<expectedVolumes>0</expectedVolumes>
<fwdEngineeringStrategyName>Single Table</fwdEngineeringStrategyName>
<growthPercent>0</growthPercent>
<growthType>Year</growthType>
<maxVolumes>9999999</maxVolumes>
<minVolumes>0</minVolumes>
<normalForm>Third</normalForm>
<attributes itemClass="oracle.dbtools.crest.model.design.logical.Attribute">
<Attribute name="ID_HISTORIE_OBJEDNAVKA" id="226AA134-222D-05D4-BD8F-37D9E5B8E125">
<createdBy>jencmart</createdBy>
<createdTime>2017-03-01 22:46:11 UTC</createdTime>
<ownerDesignName>rozvozJIdelKonceptualni</ownerDesignName>
<engineerTo>
<item key="8E283CEE-4D6C-6372-395A-09B02EBDFD72" value="true"/>
</engineerTo>
<use>0</use>
<ownDataTypeParameters>,,</ownDataTypeParameters>
</Attribute>
<Attribute name="DATUM" id="2DBCEC65-98AE-15E8-C20C-907CF163F17E">
<createdBy>jencmart</createdBy>
<createdTime>2017-03-01 22:45:45 UTC</createdTime>
<ownerDesignName>rozvozJIdelKonceptualni</ownerDesignName>
<engineerTo>
<item key="8E283CEE-4D6C-6372-395A-09B02EBDFD72" value="true"/>
</engineerTo>
<use>0</use>
<ownDataTypeParameters>,,</ownDataTypeParameters>
</Attribute>
<Attribute name="CAS" id="0AF87D6E-B316-F484-E38C-BBD5FC9188EF">
<createdBy>jencmart</createdBy>
<createdTime>2017-03-01 22:46:01 UTC</createdTime>
<ownerDesignName>rozvozJIdelKonceptualni</ownerDesignName>
<engineerTo>
<item key="8E283CEE-4D6C-6372-395A-09B02EBDFD72" value="true"/>
</engineerTo>
<use>0</use>
<ownDataTypeParameters>,,</ownDataTypeParameters>
</Attribute>
<Attribute name="CENA_OBJEDNAVKY" id="4FE11A87-AFA0-4CEE-89DC-F5CBFE4AF12E">
<createdBy>jencmart</createdBy>
<createdTime>2017-03-01 22:46:05 UTC</createdTime>
<ownerDesignName>rozvozJIdelKonceptualni</ownerDesignName>
<engineerTo>
<item key="8E283CEE-4D6C-6372-395A-09B02EBDFD72" value="true"/>
</engineerTo>
<use>0</use>
<ownDataTypeParameters>,,</ownDataTypeParameters>
</Attribute>
<Attribute name="ID_ZAKAZNIK" id="BB3CDD43-5615-8163-DDBB-8BAC647D93EF">
<createdBy>jencmart</createdBy>
<createdTime>2017-04-11 21:12:29 UTC</createdTime>
<generatorID>BC7135D8-1EB9-5932-0EE0-0B2FC0CDE6A4</generatorID>
<ownerDesignName>rozvozJIdelKonceptualni</ownerDesignName>
<engineerTo>
<item key="8E283CEE-4D6C-6372-395A-09B02EBDFD72" value="true"/>
</engineerTo>
<referedAttribute>7A833DF0-DCE8-7FB2-D180-5DEFB315A05C</referedAttribute>
<use>0</use>
<ownDataTypeParameters>,,</ownDataTypeParameters>
</Attribute>
</attributes>
<identifiers itemClass="oracle.dbtools.crest.model.design.logical.CandidateKey">
<identifier id="653E91AE-3EAF-8794-97BB-3B3E28DB6DE0" name="HISTORIE_OBJEDNAVEK PK">
<createdBy>jencmart</createdBy>
<createdTime>2017-03-01 22:47:21 UTC</createdTime>
<ownerDesignName>rozvozJIdelKonceptualni</ownerDesignName>
<engineerTo>
<item key="8E283CEE-4D6C-6372-395A-09B02EBDFD72" value="true"/>
</engineerTo>
<pk>true</pk>
<usedAttributes>
<attributeRef>226AA134-222D-05D4-BD8F-37D9E5B8E125</attributeRef>
</usedAttributes>
</identifier>
</identifiers>
</Entity>