<?xml version = '1.0' encoding = 'UTF-8'?>
<Entity class="oracle.dbtools.crest.model.design.logical.Entity" directorySegmentName="seg_0" id="D92E4665-3CAD-42E0-F747-D8CFB8622A89" name="ZAKAZNIK">
<createdBy>jencmart</createdBy>
<createdTime>2017-03-01 21:54:32 UTC</createdTime>
<ownerDesignName>rozvozJIdelKonceptualni</ownerDesignName>
<engineerTo>
<item key="8E283CEE-4D6C-6372-395A-09B02EBDFD72" value="true"/>
</engineerTo>
<adequatelyNormalized>NO</adequatelyNormalized>
<expectedVolumes>0</expectedVolumes>
<fwdEngineeringStrategyName>Single Table</fwdEngineeringStrategyName>
<growthPercent>0</growthPercent>
<growthType>Year</growthType>
<maxVolumes>9999999</maxVolumes>
<minVolumes>0</minVolumes>
<normalForm>Third</normalForm>
<attributes itemClass="oracle.dbtools.crest.model.design.logical.Attribute">
<Attribute name="ID_ZAKAZNIK" id="7A833DF0-DCE8-7FB2-D180-5DEFB315A05C">
<createdBy>jencmart</createdBy>
<createdTime>2017-04-11 21:12:16 UTC</createdTime>
<ownerDesignName>rozvozJIdelKonceptualni</ownerDesignName>
<engineerTo>
<item key="8E283CEE-4D6C-6372-395A-09B02EBDFD72" value="true"/>
</engineerTo>
<use>0</use>
<ownDataTypeParameters>,,</ownDataTypeParameters>
</Attribute>
<Attribute name="E_MAIL" id="EBCF0D49-035D-310D-3DD5-7F8E8664529E">
<createdBy>jencmart</createdBy>
<createdTime>2017-03-01 22:29:40 UTC</createdTime>
<ownerDesignName>rozvozJIdelKonceptualni</ownerDesignName>
<engineerTo>
<item key="8E283CEE-4D6C-6372-395A-09B02EBDFD72" value="true"/>
</engineerTo>
<use>0</use>
<ownDataTypeParameters>,,</ownDataTypeParameters>
</Attribute>
<Attribute name="TEL_CISLO" id="082DE517-4419-42AC-8A5A-41465112AE36">
<createdBy>jencmart</createdBy>
<createdTime>2017-03-01 22:29:54 UTC</createdTime>
<ownerDesignName>rozvozJIdelKonceptualni</ownerDesignName>
<engineerTo>
<item key="8E283CEE-4D6C-6372-395A-09B02EBDFD72" value="true"/>
</engineerTo>
<use>0</use>
<ownDataTypeParameters>,,</ownDataTypeParameters>
</Attribute>
<Attribute name="JMENO" id="76BA0C6E-9D13-6A83-1B2D-49B3665CF69C">
<createdBy>jencmart</createdBy>
<createdTime>2017-03-01 22:30:02 UTC</createdTime>
<ownerDesignName>rozvozJIdelKonceptualni</ownerDesignName>
<engineerTo>
<item key="8E283CEE-4D6C-6372-395A-09B02EBDFD72" value="true"/>
</engineerTo>
<use>0</use>
<ownDataTypeParameters>,,</ownDataTypeParameters>
</Attribute>
<Attribute name="PRIJMENI" id="7D65700F-7A7A-A9F1-6C6B-0E5D9D560B8A">
<createdBy>jencmart</createdBy>
<createdTime>2017-03-01 22:31:04 UTC</createdTime>
<ownerDesignName>rozvozJIdelKonceptualni</ownerDesignName>
<engineerTo>
<item key="8E283CEE-4D6C-6372-395A-09B02EBDFD72" value="true"/>
</engineerTo>
<use>0</use>
<ownDataTypeParameters>,,</ownDataTypeParameters>
</Attribute>
<Attribute name="ID_ADRESA" id="65147FF9-AFE6-5FA1-B330-D49B089EB05B">
<createdBy>jencmart</createdBy>
<createdTime>2017-04-11 21:12:01 UTC</createdTime>
<generatorID>B5ED4CC9-0C7A-FA87-5144-418FC161DEBF</generatorID>
<ownerDesignName>rozvozJIdelKonceptualni</ownerDesignName>
<engineerTo>
<item key="8E283CEE-4D6C-6372-395A-09B02EBDFD72" value="true"/>
</engineerTo>
<referedAttribute>EE59AB33-F6CD-F5F2-D6C7-E07ACD622AD8</referedAttribute>
<use>0</use>
<ownDataTypeParameters>,,</ownDataTypeParameters>
</Attribute>
</attributes>
<identifiers itemClass="oracle.dbtools.crest.model.design.logical.CandidateKey">
<identifier id="385A3153-E489-6A22-9E9A-BCB172838DF4" name="ZAKAZNIK PK">
<createdBy>jencmart</createdBy>
<createdTime>2017-03-01 22:29:52 UTC</createdTime>
<ownerDesignName>rozvozJIdelKonceptualni</ownerDesignName>
<engineerTo>
<item key="8E283CEE-4D6C-6372-395A-09B02EBDFD72" value="true"/>
</engineerTo>
<pk>true</pk>
<usedAttributes>
<attributeRef>7A833DF0-DCE8-7FB2-D180-5DEFB315A05C</attributeRef>
</usedAttributes>
</identifier>
</identifiers>
</Entity>