<?xml version = '1.0' encoding = 'UTF-8'?>
<Entity class="oracle.dbtools.crest.model.design.logical.Entity" directorySegmentName="seg_0" id="F8448E64-ED97-FCD6-A7E9-A8CB049A3B72" name="DOPRAVNI_PROSTREDEK">
<createdBy>jencmart</createdBy>
<createdTime>2017-04-12 09:51:27 UTC</createdTime>
<ownerDesignName>rozvozJIdelKonceptualni</ownerDesignName>
<engineerTo>
<item key="8E283CEE-4D6C-6372-395A-09B02EBDFD72" value="true"/>
</engineerTo>
<adequatelyNormalized>NO</adequatelyNormalized>
<expectedVolumes>0</expectedVolumes>
<fwdEngineeringStrategyName>Single Table</fwdEngineeringStrategyName>
<growthPercent>0</growthPercent>
<growthType>Year</growthType>
<maxVolumes>9999999</maxVolumes>
<minVolumes>0</minVolumes>
<normalForm>Third</normalForm>
<attributes itemClass="oracle.dbtools.crest.model.design.logical.Attribute">
<Attribute name="ID_DOPRAVNI_PROSTREDEK" id="9399CB26-2A4C-3CCA-A0DB-6A9A1D89A310">
<createdBy>jencmart</createdBy>
<createdTime>2017-04-12 09:53:55 UTC</createdTime>
<ownerDesignName>rozvozJIdelKonceptualni</ownerDesignName>
<engineerTo>
<item key="8E283CEE-4D6C-6372-395A-09B02EBDFD72" value="true"/>
</engineerTo>
<use>0</use>
<ownDataTypeParameters>,,</ownDataTypeParameters>
</Attribute>
<Attribute name="ZNACKA" id="54657241-A259-2630-E2A6-4F0606DE4B8D">
<createdBy>jencmart</createdBy>
<createdTime>2017-04-12 10:14:23 UTC</createdTime>
<ownerDesignName>rozvozJIdelKonceptualni</ownerDesignName>
<engineerTo>
<item key="8E283CEE-4D6C-6372-395A-09B02EBDFD72" value="true"/>
</engineerTo>
<nullsAllowed>true</nullsAllowed>
<use>0</use>
<ownDataTypeParameters>,,</ownDataTypeParameters>
</Attribute>
<Attribute name="BARVA" id="429518C1-3B8D-7D48-03EB-609AD4195E67">
<createdBy>jencmart</createdBy>
<createdTime>2017-04-12 10:03:48 UTC</createdTime>
<ownerDesignName>rozvozJIdelKonceptualni</ownerDesignName>
<engineerTo>
<item key="8E283CEE-4D6C-6372-395A-09B02EBDFD72" value="true"/>
</engineerTo>
<nullsAllowed>true</nullsAllowed>
<use>0</use>
<ownDataTypeParameters>,,</ownDataTypeParameters>
</Attribute>
<Attribute name="ID_TYP_DOPRAVNIHO_PROSTREDKU" id="B7FB8C02-C31B-5BE7-5A6C-640D253239DE">
<createdBy>jencmart</createdBy>
<createdTime>2017-04-12 10:40:00 UTC</createdTime>
<generatorID>ACE26CDD-8256-BD7C-0135-6AAB81DADFAF</generatorID>
<ownerDesignName>rozvozJIdelKonceptualni</ownerDesignName>
<engineerTo>
<item key="8E283CEE-4D6C-6372-395A-09B02EBDFD72" value="true"/>
</engineerTo>
<referedAttribute>24AE1BEC-2ECB-7E0F-30E6-EA09E038191F</referedAttribute>
<use>0</use>
<ownDataTypeParameters>,,</ownDataTypeParameters>
</Attribute>
</attributes>
<identifiers itemClass="oracle.dbtools.crest.model.design.logical.CandidateKey">
<identifier id="3BF34037-B028-0F01-86EC-2AAA78F71D59" name="DOPRAVNI_PROSTREDEK PK">
<createdBy>jencmart</createdBy>
<createdTime>2017-04-12 09:54:13 UTC</createdTime>
<ownerDesignName>rozvozJIdelKonceptualni</ownerDesignName>
<engineerTo>
<item key="8E283CEE-4D6C-6372-395A-09B02EBDFD72" value="true"/>
</engineerTo>
<pk>true</pk>
<usedAttributes>
<attributeRef>9399CB26-2A4C-3CCA-A0DB-6A9A1D89A310</attributeRef>
</usedAttributes>
</identifier>
</identifiers>
</Entity>