<?xml version = '1.0' encoding = 'UTF-8'?>
<Diagram class="oracle.dbtools.crest.swingui.relational.DPVRelational" name="Relational_1" id="988BC7EF-7E29-E47C-2678-302B036EA5C2">
<createdBy>jencmart</createdBy>
<modifiedBy>jencmart</modifiedBy>
<createdTime>2017-03-01 22:11:02 UTC</createdTime>
<autoRoute>false</autoRoute>
<boxInbox>true</boxInbox>
<showLegend>false</showLegend>
<showLabels>false</showLabels>
<showRelAttributes>false</showRelAttributes>
<gridEnabled>false</gridEnabled>
<showGrid>false</showGrid>
<diagramColor>-1</diagramColor>
<display>false</display>
<notation>1</notation>
<objectViews>
<OView class="oracle.dbtools.crest.swingui.relational.TVTable" oid="08A0CFB5-7543-BECF-4FA3-3E826411DD87" otype="Table" vid="78D70FF0-E3AF-343E-3930-898BE858CF79">
<hideElementsInCurrentOnly>false</hideElementsInCurrentOnly>
<bounds x="890" y="639" width="201" height="110"/>
</OView>
<OView class="oracle.dbtools.crest.swingui.relational.TVTable" oid="0D5CE097-9013-A709-2FAF-66EC623C9A91" otype="Table" vid="117F3D89-B73A-4E55-1084-C7E414F6050D">
<hideElementsInCurrentOnly>false</hideElementsInCurrentOnly>
<bounds x="1072" y="32" width="250" height="107"/>
</OView>
<OView class="oracle.dbtools.crest.swingui.relational.TVTable" oid="0FC85099-364F-577C-ACA6-C33384A647F3" otype="Table" vid="C1CD599E-DAFB-1996-A14C-D54B70B01D49">
<hideElementsInCurrentOnly>false</hideElementsInCurrentOnly>
<bounds x="456" y="646" width="255" height="133"/>
</OView>
<OView class="oracle.dbtools.crest.swingui.relational.TVTable" oid="1F9736A5-66AA-17BD-80B3-5647546C4D56" otype="Table" vid="9A782510-6135-54D7-E87A-3F549934936D">
<hideElementsInCurrentOnly>false</hideElementsInCurrentOnly>
<bounds x="68" y="446" width="236" height="151"/>
</OView>
<OView class="oracle.dbtools.crest.swingui.relational.TVTable" oid="2920A483-BAD8-DF79-59DC-F8BC01EFEA87" otype="Table" vid="BA9BC703-B67A-8DE3-601D-8E6F3D07E7AA">
<hideElementsInCurrentOnly>false</hideElementsInCurrentOnly>
<bounds x="774" y="442" width="387" height="136"/>
</OView>
<OView class="oracle.dbtools.crest.swingui.relational.TVTable" oid="2F4F80DE-436F-1671-D70C-07312631EEEA" otype="Table" vid="EA603055-A9B9-9B69-715D-6946BF885B24">
<hideElementsInCurrentOnly>false</hideElementsInCurrentOnly>
<bounds x="1240" y="639" width="254" height="107"/>
</OView>
<OView class="oracle.dbtools.crest.swingui.relational.TVTable" oid="33F5386D-E5B2-DB89-D5E7-A121D37DA512" otype="Table" vid="D164A071-00AF-1D11-999C-14301205FCC6">
<hideElementsInCurrentOnly>false</hideElementsInCurrentOnly>
<bounds x="68" y="240" width="239" height="142"/>
</OView>
<OView class="oracle.dbtools.crest.swingui.relational.TVTable" oid="6BF7631E-0C79-658B-8B34-E9A86EE927E6" otype="Table" vid="B2D628FA-E604-14DA-4CB6-16246C8BC83E">
<hideElementsInCurrentOnly>false</hideElementsInCurrentOnly>
<bounds x="456" y="439" width="250" height="168"/>
</OView>
<OView class="oracle.dbtools.crest.swingui.relational.TVTable" oid="89856BD5-72D1-52FC-5521-0E333224B113" otype="Table" vid="A42A7F37-BB8C-D713-727A-CA8C4D3B4908">
<hideElementsInCurrentOnly>false</hideElementsInCurrentOnly>
<bounds x="1285" y="442" width="170" height="110"/>
</OView>
<OView class="oracle.dbtools.crest.swingui.relational.TVTable" oid="91AE65BA-B61D-CC49-C2B7-62462CAD4B90" otype="Table" vid="98CF8A7C-3D5F-BFB7-CB6F-C1381145CFD5">
<hideElementsInCurrentOnly>false</hideElementsInCurrentOnly>
<bounds x="445" y="30" width="266" height="88"/>
</OView>
<OView class="oracle.dbtools.crest.swingui.relational.TVTable" oid="9EE1A512-FDAC-7FAF-D0BB-0031E843AEFE" otype="Table" vid="9717AFF6-3639-95DA-A505-AA916E597F3A">
<hideElementsInCurrentOnly>false</hideElementsInCurrentOnly>
<bounds x="1226" y="254" width="302" height="79"/>
</OView>
<OView class="oracle.dbtools.crest.swingui.relational.TVTable" oid="A4E63AB4-7071-F350-D557-72DB7DF3905D" otype="Table" vid="13CAEC0D-A68B-7E93-0FE3-818D7FDE9775">
<hideElementsInCurrentOnly>false</hideElementsInCurrentOnly>
<bounds x="818" y="236" width="342" height="133"/>
</OView>
<OView class="oracle.dbtools.crest.swingui.relational.TVTable" oid="A712D0D2-DA16-87D8-2775-940DC7F59189" otype="Table" vid="ED34803D-1C43-4657-1354-A8C6FD5E8719">
<hideElementsInCurrentOnly>false</hideElementsInCurrentOnly>
<bounds x="745" y="29" width="281" height="113"/>
</OView>
<OView class="oracle.dbtools.crest.swingui.relational.TVTable" oid="D0D6BEC4-4571-24EF-69E3-4300AD307F86" otype="Table" vid="A8ED6CD9-98CF-E118-C5A9-8DCFCFB87E56">
<hideElementsInCurrentOnly>false</hideElementsInCurrentOnly>
<bounds x="450" y="223" width="276" height="168"/>
</OView>
<OView class="oracle.dbtools.crest.swingui.relational.TVTable" oid="DC0516C4-0380-1081-F0C7-5AD21DBE4213" otype="Table" vid="615CC6A2-B0F9-9EE8-DCDA-222DA736B28B">
<hideElementsInCurrentOnly>false</hideElementsInCurrentOnly>
<bounds x="55" y="28" width="272" height="158"/>
</OView>
</objectViews>
<connectors>
<Connector class="oracle.dbtools.crest.swingui.relational.TVFKRelation" oid="082CF6B5-B750-23E6-BB04-EA35CC1F43D9" otype="FKIndexAssociation" vid_source="13CAEC0D-A68B-7E93-0FE3-818D7FDE9775" vid_target="A8ED6CD9-98CF-E118-C5A9-8DCFCFB87E56">
<hideElementsInCurrentOnly>false</hideElementsInCurrentOnly>
<lineWidth>1</lineWidth>
<points>
<point x="818" y="302"/>
<point x="726" y="302"/>
</points>
</Connector>
<Connector class="oracle.dbtools.crest.swingui.relational.TVFKRelation" oid="0B027FFC-0455-310C-DF2E-4C5FC8BC4A16" otype="FKIndexAssociation" vid_source="D164A071-00AF-1D11-999C-14301205FCC6" vid_target="9A782510-6135-54D7-E87A-3F549934936D">
<hideElementsInCurrentOnly>false</hideElementsInCurrentOnly>
<lineWidth>1</lineWidth>
<points>
<point x="186" y="382"/>
<point x="186" y="446"/>
</points>
</Connector>
<Connector class="oracle.dbtools.crest.swingui.relational.TVFKRelation" oid="1E948336-3CF5-288B-C07C-1E8D30F66D73" otype="FKIndexAssociation" vid_source="98CF8A7C-3D5F-BFB7-CB6F-C1381145CFD5" vid_target="615CC6A2-B0F9-9EE8-DCDA-222DA736B28B">
<hideElementsInCurrentOnly>false</hideElementsInCurrentOnly>
<lineWidth>1</lineWidth>
<points>
<point x="445" y="74"/>
<point x="327" y="74"/>
</points>
</Connector>
<Connector class="oracle.dbtools.crest.swingui.relational.TVFKRelation" oid="2856BC33-0455-D70B-4AD1-674741F7CEE5" otype="FKIndexAssociation" vid_source="78D70FF0-E3AF-343E-3930-898BE858CF79" vid_target="EA603055-A9B9-9B69-715D-6946BF885B24">
<hideElementsInCurrentOnly>false</hideElementsInCurrentOnly>
<lineWidth>1</lineWidth>
<points>
<point x="1091" y="692"/>
<point x="1240" y="692"/>
</points>
</Connector>
<Connector class="oracle.dbtools.crest.swingui.relational.TVFKRelation" oid="30958DC8-8E7B-78A9-6393-15B1487C7733" otype="FKIndexAssociation" vid_source="78D70FF0-E3AF-343E-3930-898BE858CF79" vid_target="BA9BC703-B67A-8DE3-601D-8E6F3D07E7AA">
<hideElementsInCurrentOnly>false</hideElementsInCurrentOnly>
<lineWidth>1</lineWidth>
<points>
<point x="990" y="639"/>
<point x="990" y="578"/>
</points>
</Connector>
<Connector class="oracle.dbtools.crest.swingui.relational.TVFKRelation" oid="35296665-73F5-5C67-3A89-F2B8B4F5173B" otype="FKIndexAssociation" vid_source="13CAEC0D-A68B-7E93-0FE3-818D7FDE9775" vid_target="ED34803D-1C43-4657-1354-A8C6FD5E8719">
<hideElementsInCurrentOnly>false</hideElementsInCurrentOnly>
<lineWidth>1</lineWidth>
<points>
<point x="932" y="236"/>
<point x="932" y="142"/>
</points>
</Connector>
<Connector class="oracle.dbtools.crest.swingui.relational.TVFKRelation" oid="3C7086FE-B6DD-5E9A-585E-225B4CA63060" otype="FKIndexAssociation" vid_source="615CC6A2-B0F9-9EE8-DCDA-222DA736B28B" vid_target="D164A071-00AF-1D11-999C-14301205FCC6">
<hideElementsInCurrentOnly>false</hideElementsInCurrentOnly>
<lineWidth>1</lineWidth>
<points>
<point x="187" y="186"/>
<point x="187" y="240"/>
</points>
</Connector>
<Connector class="oracle.dbtools.crest.swingui.relational.TVFKRelation" oid="40CF0556-7E14-213D-3933-DC4258E77090" otype="FKIndexAssociation" vid_source="B2D628FA-E604-14DA-4CB6-16246C8BC83E" vid_target="BA9BC703-B67A-8DE3-601D-8E6F3D07E7AA">
<hideElementsInCurrentOnly>false</hideElementsInCurrentOnly>
<lineWidth>1</lineWidth>
<points>
<point x="706" y="500"/>
<point x="774" y="500"/>
</points>
</Connector>
<Connector class="oracle.dbtools.crest.swingui.relational.TVFKRelation" oid="7B5B4772-DB3D-C7AC-969F-8A3658ED71A7" otype="FKIndexAssociation" vid_source="A42A7F37-BB8C-D713-727A-CA8C4D3B4908" vid_target="EA603055-A9B9-9B69-715D-6946BF885B24">
<hideElementsInCurrentOnly>false</hideElementsInCurrentOnly>
<lineWidth>1</lineWidth>
<points>
<point x="1370" y="552"/>
<point x="1370" y="639"/>
</points>
</Connector>
<Connector class="oracle.dbtools.crest.swingui.relational.TVFKRelation" oid="83D23CB9-BF67-9B52-AB83-3F98E1F932F0" otype="FKIndexAssociation" vid_source="9A782510-6135-54D7-E87A-3F549934936D" vid_target="B2D628FA-E604-14DA-4CB6-16246C8BC83E">
<hideElementsInCurrentOnly>false</hideElementsInCurrentOnly>
<lineWidth>1</lineWidth>
<points>
<point x="304" y="521"/>
<point x="456" y="521"/>
</points>
</Connector>
<Connector class="oracle.dbtools.crest.swingui.relational.TVFKRelation" oid="8A7F2666-0620-6C74-E162-8682401C4F3E" otype="FKIndexAssociation" vid_source="9717AFF6-3639-95DA-A505-AA916E597F3A" vid_target="13CAEC0D-A68B-7E93-0FE3-818D7FDE9775">
<hideElementsInCurrentOnly>false</hideElementsInCurrentOnly>
<lineWidth>1</lineWidth>
<points>
<point x="1226" y="293"/>
<point x="1160" y="293"/>
</points>
</Connector>
<Connector class="oracle.dbtools.crest.swingui.relational.TVFKRelation" oid="9CF7E45E-0C34-EF61-9394-4E68D0C92720" otype="FKIndexAssociation" vid_source="A8ED6CD9-98CF-E118-C5A9-8DCFCFB87E56" vid_target="B2D628FA-E604-14DA-4CB6-16246C8BC83E">
<hideElementsInCurrentOnly>false</hideElementsInCurrentOnly>
<lineWidth>1</lineWidth>
<points>
<point x="581" y="391"/>
<point x="581" y="439"/>
</points>
</Connector>
<Connector class="oracle.dbtools.crest.swingui.relational.TVFKRelation" oid="AE626F3A-7292-A8B8-CFED-E507485FE787" otype="FKIndexAssociation" vid_source="13CAEC0D-A68B-7E93-0FE3-818D7FDE9775" vid_target="117F3D89-B73A-4E55-1084-C7E414F6050D">
<hideElementsInCurrentOnly>false</hideElementsInCurrentOnly>
<lineWidth>1</lineWidth>
<points>
<point x="1116" y="236"/>
<point x="1116" y="139"/>
</points>
</Connector>
<Connector class="oracle.dbtools.crest.swingui.relational.TVFKRelation" oid="CB9EF3A0-0AA8-D82F-2884-29454307C989" otype="FKIndexAssociation" vid_source="A8ED6CD9-98CF-E118-C5A9-8DCFCFB87E56" vid_target="615CC6A2-B0F9-9EE8-DCDA-222DA736B28B">
<hideElementsInCurrentOnly>false</hideElementsInCurrentOnly>
<lineWidth>1</lineWidth>
<points>
<point x="583" y="223"/>
<point x="583" y="145"/>
<point x="327" y="145"/>
</points>
</Connector>
<Connector class="oracle.dbtools.crest.swingui.relational.TVFKRelation" oid="CC007717-C3A8-1391-0E54-A875A8301222" otype="FKIndexAssociation" vid_source="C1CD599E-DAFB-1996-A14C-D54B70B01D49" vid_target="B2D628FA-E604-14DA-4CB6-16246C8BC83E">
<hideElementsInCurrentOnly>false</hideElementsInCurrentOnly>
<lineWidth>1</lineWidth>
<points>
<point x="581" y="646"/>
<point x="581" y="607"/>
</points>
</Connector>
</connectors>
</Diagram>