<?xml version = '1.0' encoding = 'UTF-8'?>
<Relation class="oracle.dbtools.crest.model.design.logical.Relation" name="Relation_9" directorySegmentName="seg_0" id="BC7135D8-1EB9-5932-0EE0-0B2FC0CDE6A4">
<createdBy>jencmart</createdBy>
<createdTime>2017-03-01 22:47:49 UTC</createdTime>
<ownerDesignName>rozvozJIdelKonceptualni</ownerDesignName>
<engineerTo>
<item key="8E283CEE-4D6C-6372-395A-09B02EBDFD72" value="true"/>
</engineerTo>
<sourcePk>385A3153-E489-6A22-9E9A-BCB172838DF4</sourcePk>
<identifying>false</identifying>
<nameOnSource>ma</nameOnSource>
<nameOnTarget>je_prirazena</nameOnTarget>
<optionalSource>true</optionalSource>
<optionalTarget>false</optionalTarget>
<sourceCardinality>1</sourceCardinality>
<sourceEntity>D92E4665-3CAD-42E0-F747-D8CFB8622A89</sourceEntity>
<targetCardinalityString>*</targetCardinalityString>
<targetEntity>D8F221CD-1CCC-F4BE-5BE3-E9A0E4A9F02B</targetEntity>
<transferable>true</transferable>
<deleteRule>NO ACTION</deleteRule>
</Relation>