<?xml version = '1.0' encoding = 'UTF-8'?>
<Relation class="oracle.dbtools.crest.model.design.logical.Relation" name="se_sklada_z" directorySegmentName="seg_0" id="BE635688-1A78-6DDF-2F77-4F8F5A2E279A">
<createdBy>jencmart</createdBy>
<createdTime>2017-03-01 23:11:43 UTC</createdTime>
<ownerDesignName>rozvozJIdelKonceptualni</ownerDesignName>
<engineerTo>
<item key="8E283CEE-4D6C-6372-395A-09B02EBDFD72" value="true"/>
</engineerTo>
<sourcePk>649CAA17-8CD6-C72C-DE5F-D93EDCD9A743</sourcePk>
<identifying>false</identifying>
<nameOnSource>obsahuje</nameOnSource>
<nameOnTarget>je_v</nameOnTarget>
<optionalSource>false</optionalSource>
<optionalTarget>true</optionalTarget>
<sourceCardinality>*</sourceCardinality>
<sourceEntity>BC660DA9-C180-FF5A-D98B-7E9E5F474A7F</sourceEntity>
<targetCardinalityString>*</targetCardinalityString>
<targetEntity>D1C70640-C338-B4FD-0309-00414FCFD3EA</targetEntity>
<transferable>true</transferable>
<deleteRule>NO ACTION</deleteRule>
</Relation>