<?xml version = '1.0' encoding = 'UTF-8'?>
<Table class="oracle.dbtools.crest.model.design.relational.Table" directorySegmentName="seg_0" id="89856BD5-72D1-52FC-5521-0E333224B113" name="ALERGEN">
<createdBy>marti</createdBy>
<createdTime>2017-05-08 13:14:17 UTC</createdTime>
<generatorID>C1A8C351-D814-11C8-FD5E-A93E3CB1A691</generatorID>
<ownerDesignName>rozvozJIdelKonceptualni</ownerDesignName>
<allowColumnReorder>false</allowColumnReorder>
<existDependencyGenerateInDDl>true</existDependencyGenerateInDDl>
<parsed>true</parsed>
<columns itemClass="oracle.dbtools.crest.model.design.relational.Column">
<Column name="ALERGEN_ID" id="3915221C-8B1D-F53C-F13B-51C4D1C8BED9">
<createdBy>marti</createdBy>
<createdTime>2017-05-08 13:14:17 UTC</createdTime>
<generatorID>7A1E5E34-26F7-CBA0-AA07-AFED05826476</generatorID>
<ownerDesignName>rozvozJIdelKonceptualni</ownerDesignName>
<useDomainConstraints>false</useDomainConstraints>
<use>1</use>
<logicalDatatype>LOGDT011</logicalDatatype>
<ownDataTypeParameters>,,</ownDataTypeParameters>
<autoIncrementCycle>false</autoIncrementCycle>
</Column>
<Column name="NAZEV" id="87D8E686-5981-4503-DD1F-C505104444EA">
<createdBy>marti</createdBy>
<createdTime>2017-05-08 13:14:17 UTC</createdTime>
<generatorID>5A85E434-610A-70D5-1FE2-2DCD3BA0AE75</generatorID>
<ownerDesignName>rozvozJIdelKonceptualni</ownerDesignName>
<useDomainConstraints>false</useDomainConstraints>
<use>1</use>
<logicalDatatype>LOGDT024</logicalDatatype>
<dataTypeSize>20 CHAR</dataTypeSize>
<ownDataTypeParameters>20 CHAR,,</ownDataTypeParameters>
<autoIncrementCycle>false</autoIncrementCycle>
</Column>
</columns>
<indexes itemClass="oracle.dbtools.crest.model.design.relational.Index">
<ind_PK_UK id="89EA4F7B-A74C-4F32-972F-349E4E7F1365" name="ALERGEN_PK">
<createdBy>marti</createdBy>
<createdTime>2017-05-08 13:14:17 UTC</createdTime>
<generatorID>6FF500D7-3A3E-4607-FAB3-0BD3D79123D0</generatorID>
<ownerDesignName>rozvozJIdelKonceptualni</ownerDesignName>
<pk>true</pk>
<indexState>Primary Constraint</indexState>
<isSurrogateKey>false</isSurrogateKey>
<indexColumnUsage>
<colUsage columnID="3915221C-8B1D-F53C-F13B-51C4D1C8BED9"/>
</indexColumnUsage>
</ind_PK_UK>
</indexes>
</Table>