<?xml version = '1.0' encoding = 'UTF-8'?>
<Table class="oracle.dbtools.crest.model.design.relational.Table" directorySegmentName="seg_0" id="A4E63AB4-7071-F350-D557-72DB7DF3905D" name="PROSTREDEK">
<createdBy>marti</createdBy>
<createdTime>2017-05-08 13:14:17 UTC</createdTime>
<generatorID>F8448E64-ED97-FCD6-A7E9-A8CB049A3B72</generatorID>
<ownerDesignName>rozvozJIdelKonceptualni</ownerDesignName>
<allowColumnReorder>false</allowColumnReorder>
<existDependencyGenerateInDDl>true</existDependencyGenerateInDDl>
<parsed>true</parsed>
<columns itemClass="oracle.dbtools.crest.model.design.relational.Column">
<Column name="PROSTREDEK_ID" id="026D15F2-35F9-62B8-BDBA-6BDD5E985422">
<createdBy>marti</createdBy>
<createdTime>2017-05-08 13:14:17 UTC</createdTime>
<generatorID>9399CB26-2A4C-3CCA-A0DB-6A9A1D89A310</generatorID>
<ownerDesignName>rozvozJIdelKonceptualni</ownerDesignName>
<useDomainConstraints>false</useDomainConstraints>
<use>1</use>
<logicalDatatype>LOGDT011</logicalDatatype>
<ownDataTypeParameters>,,</ownDataTypeParameters>
<autoIncrementCycle>false</autoIncrementCycle>
</Column>
<Column name="ZNACKA" id="00575B6D-33FF-D310-C89F-51727310DAA3">
<createdBy>marti</createdBy>
<createdTime>2017-05-08 13:14:17 UTC</createdTime>
<generatorID>54657241-A259-2630-E2A6-4F0606DE4B8D</generatorID>
<ownerDesignName>rozvozJIdelKonceptualni</ownerDesignName>
<nullsAllowed>true</nullsAllowed>
<useDomainConstraints>false</useDomainConstraints>
<use>1</use>
<logicalDatatype>LOGDT024</logicalDatatype>
<dataTypeSize>20 CHAR</dataTypeSize>
<ownDataTypeParameters>20 CHAR,,</ownDataTypeParameters>
<autoIncrementCycle>false</autoIncrementCycle>
</Column>
<Column name="BARVA" id="A2B8A801-E1EB-03C3-2D72-BFA00313536C">
<createdBy>marti</createdBy>
<createdTime>2017-05-08 13:14:17 UTC</createdTime>
<generatorID>429518C1-3B8D-7D48-03EB-609AD4195E67</generatorID>
<ownerDesignName>rozvozJIdelKonceptualni</ownerDesignName>
<nullsAllowed>true</nullsAllowed>
<useDomainConstraints>false</useDomainConstraints>
<use>1</use>
<logicalDatatype>LOGDT024</logicalDatatype>
<dataTypeSize>20 CHAR</dataTypeSize>
<ownDataTypeParameters>20 CHAR,,</ownDataTypeParameters>
<autoIncrementCycle>false</autoIncrementCycle>
</Column>
<Column name="TYP_PROSTREDEK_ID" id="773A2FCD-D5F3-2E69-E4AF-81A9120C9074">
<createdBy>marti</createdBy>
<createdTime>2017-05-08 13:14:17 UTC</createdTime>
<generatorID>B7FB8C02-C31B-5BE7-5A6C-640D253239DE</generatorID>
<ownerDesignName>rozvozJIdelKonceptualni</ownerDesignName>
<useDomainConstraints>false</useDomainConstraints>
<use>1</use>
<logicalDatatype>LOGDT011</logicalDatatype>
<ownDataTypeParameters>,,</ownDataTypeParameters>
<previousColumn>false</previousColumn>
<autoIncrementCycle>false</autoIncrementCycle>
<associations>
<colAssociation fkAssociation="8A7F2666-0620-6C74-E162-8682401C4F3E" referredColumn="72C7BADC-81DA-672A-C47F-0310C0A39801"/>
</associations>
</Column>
</columns>
<indexes itemClass="oracle.dbtools.crest.model.design.relational.Index">
<ind_PK_UK id="069A6001-E755-9C4D-9A4B-4D0C2D4DD37D" name="PROSTREDEK_PK">
<createdBy>marti</createdBy>
<createdTime>2017-05-08 13:14:17 UTC</createdTime>
<generatorID>3BF34037-B028-0F01-86EC-2AAA78F71D59</generatorID>
<ownerDesignName>rozvozJIdelKonceptualni</ownerDesignName>
<pk>true</pk>
<indexState>Primary Constraint</indexState>
<isSurrogateKey>false</isSurrogateKey>
<indexColumnUsage>
<colUsage columnID="026D15F2-35F9-62B8-BDBA-6BDD5E985422"/>
</indexColumnUsage>
</ind_PK_UK>
<ind_PK_UK id="42686774-C3ED-E47E-B0C8-13E709CB9F78" name="PROSTREDEK_TYP_PROSTREDEK_FK">
<createdBy>marti</createdBy>
<createdTime>2017-05-08 13:14:18 UTC</createdTime>
<generatorID>ACE26CDD-8256-BD7C-0135-6AAB81DADFAF</generatorID>
<ownerDesignName>rozvozJIdelKonceptualni</ownerDesignName>
<indexState>Foreign Key</indexState>
<isSurrogateKey>false</isSurrogateKey>
<indexColumnUsage>
<colUsage columnID="773A2FCD-D5F3-2E69-E4AF-81A9120C9074"/>
</indexColumnUsage>
</ind_PK_UK>
</indexes>
</Table>