<?xml version = '1.0' encoding = 'UTF-8'?>
<Table class="oracle.dbtools.crest.model.design.relational.Table" directorySegmentName="seg_0" id="A712D0D2-DA16-87D8-2775-940DC7F59189" name="AUTOMOBIL">
<createdBy>marti</createdBy>
<createdTime>2017-05-08 13:14:17 UTC</createdTime>
<generatorID>83C47A4C-A9B7-5DD3-03D5-AA630B8FCBB9</generatorID>
<ownerDesignName>rozvozJIdelKonceptualni</ownerDesignName>
<allowColumnReorder>false</allowColumnReorder>
<existDependencyGenerateInDDl>true</existDependencyGenerateInDDl>
<parsed>true</parsed>
<columns itemClass="oracle.dbtools.crest.model.design.relational.Column">
<Column name="SPZ" id="0B504D7E-5DEB-8DCA-A458-2154F007137C">
<createdBy>marti</createdBy>
<createdTime>2017-05-08 13:14:17 UTC</createdTime>
<generatorID>1D55A3A2-2670-F737-9548-0E017AC62FF5</generatorID>
<ownerDesignName>rozvozJIdelKonceptualni</ownerDesignName>
<useDomainConstraints>false</useDomainConstraints>
<use>1</use>
<logicalDatatype>LOGDT024</logicalDatatype>
<dataTypeSize>15 CHAR</dataTypeSize>
<ownDataTypeParameters>15 CHAR,,</ownDataTypeParameters>
<autoIncrementCycle>false</autoIncrementCycle>
</Column>
<Column name="SPTREBA" id="FCE4C65A-2719-D676-162D-59885033B571">
<createdBy>marti</createdBy>
<createdTime>2017-05-08 13:14:17 UTC</createdTime>
<generatorID>8A75ACE4-3381-7673-4A2B-4BCBBD0834BD</generatorID>
<ownerDesignName>rozvozJIdelKonceptualni</ownerDesignName>
<nullsAllowed>true</nullsAllowed>
<useDomainConstraints>false</useDomainConstraints>
<use>1</use>
<logicalDatatype>LOGDT011</logicalDatatype>
<ownDataTypeParameters>,,</ownDataTypeParameters>
<autoIncrementCycle>false</autoIncrementCycle>
</Column>
<Column name="PROSTREDEK_ID" id="5ED99D5E-87B4-7B26-79B4-0C8332FE4928">
<createdBy>marti</createdBy>
<createdTime>2017-05-08 13:14:17 UTC</createdTime>
<generatorID>EB5F9F40-267A-D6AA-8170-B4E2ABF52549</generatorID>
<ownerDesignName>rozvozJIdelKonceptualni</ownerDesignName>
<useDomainConstraints>false</useDomainConstraints>
<use>1</use>
<logicalDatatype>LOGDT011</logicalDatatype>
<ownDataTypeParameters>,,</ownDataTypeParameters>
<previousColumn>false</previousColumn>
<autoIncrementCycle>false</autoIncrementCycle>
<associations>
<colAssociation fkAssociation="35296665-73F5-5C67-3A89-F2B8B4F5173B" referredColumn="026D15F2-35F9-62B8-BDBA-6BDD5E985422"/>
</associations>
</Column>
</columns>
<indexes itemClass="oracle.dbtools.crest.model.design.relational.Index">
<ind_PK_UK id="27809879-D579-04C8-5503-C25D4FFF1629" name="AUTOMOBIL_PK">
<createdBy>marti</createdBy>
<createdTime>2017-05-08 13:14:17 UTC</createdTime>
<generatorID>B7D54C89-8B09-19F3-FC5E-F21CAD1536BF</generatorID>
<ownerDesignName>rozvozJIdelKonceptualni</ownerDesignName>
<pk>true</pk>
<indexState>Primary Constraint</indexState>
<isSurrogateKey>false</isSurrogateKey>
<indexColumnUsage>
<colUsage columnID="5ED99D5E-87B4-7B26-79B4-0C8332FE4928"/>
</indexColumnUsage>
</ind_PK_UK>
<ind_PK_UK id="EE8B0BE6-0C29-B8DC-09E1-7B0D63E59E3D" name="AUTOMOBIL_PROSTREDEK_FK">
<createdBy>marti</createdBy>
<createdTime>2017-05-08 13:14:18 UTC</createdTime>
<generatorID>B958E4B6-87FF-EBDA-C527-C338CA8FFA7A</generatorID>
<ownerDesignName>rozvozJIdelKonceptualni</ownerDesignName>
<indexState>Foreign Key</indexState>
<isSurrogateKey>false</isSurrogateKey>
<indexColumnUsage>
<colUsage columnID="5ED99D5E-87B4-7B26-79B4-0C8332FE4928"/>
</indexColumnUsage>
</ind_PK_UK>
</indexes>
</Table>