<?xml version = '1.0' encoding = 'UTF-8'?>
<Diagram class="oracle.dbtools.crest.swingui.logical.DPVLogical" name="Logical" id="4025EEED-4298-9F79-5631-CC25CC20841A">
<createdBy>jencmart</createdBy>
<modifiedBy>jencmart</modifiedBy>
<createdTime>2017-03-01 21:34:15 UTC</createdTime>
<autoRoute>false</autoRoute>
<boxInbox>true</boxInbox>
<showLegend>false</showLegend>
<showLabels>true</showLabels>
<showRelAttributes>false</showRelAttributes>
<gridEnabled>false</gridEnabled>
<showGrid>false</showGrid>
<diagramColor>-1</diagramColor>
<display>false</display>
<notation>1</notation>
<objectViews>
<OView class="oracle.dbtools.crest.swingui.logical.TVEntity" oid="196B1CDE-85F7-45A2-440B-CD51B8520637" otype="Entity" vid="3BBDAAB3-318E-67C0-8590-5E14E5F77C3D">
<hideElementsInCurrentOnly>false</hideElementsInCurrentOnly>
<bounds x="54" y="266" width="170" height="110"/>
</OView>
<OView class="oracle.dbtools.crest.swingui.logical.TVEntity" oid="20F8181E-E4A9-D8DC-D310-4F3F893E5353" otype="Entity" vid="801900FE-E950-7B9A-FF3D-044DE0F45216">
<hideElementsInCurrentOnly>false</hideElementsInCurrentOnly>
<bounds x="1222" y="133" width="232" height="110"/>
</OView>
<OView class="oracle.dbtools.crest.swingui.logical.TVEntity" oid="83C47A4C-A9B7-5DD3-03D5-AA630B8FCBB9" otype="Entity" vid="35D770FE-CB98-B0F2-E49A-C8B4C824C4E0">
<hideElementsInCurrentOnly>false</hideElementsInCurrentOnly>
<bounds x="821" y="21" width="135" height="110"/>
</OView>
<OView class="oracle.dbtools.crest.swingui.TVNote" oid="B2B5AB10-C102-B3C2-2B21-199C7072A88F" otype="Note" vid="3C59BA1B-0E04-6710-CABB-238FFACC4B6A">
<hideElementsInCurrentOnly>false</hideElementsInCurrentOnly>
<bounds x="808" y="684" width="608" height="40"/>
<comment>IO1: Poslicek muze rozvazet jidlou pouze zakaznikovi ktery ma adresu v lokalite, ve ktere poslicek rozvazi</comment>
</OView>
<OView class="oracle.dbtools.crest.swingui.logical.TVEntity" oid="B888C818-B3E9-7E33-B7C1-F496932DF4E8" otype="Entity" vid="4C2D1550-C635-23A7-1F70-F4F08C302079">
<hideElementsInCurrentOnly>false</hideElementsInCurrentOnly>
<bounds x="1265" y="447" width="170" height="110"/>
</OView>
<OView class="oracle.dbtools.crest.swingui.logical.TVEntity" oid="BC660DA9-C180-FF5A-D98B-7E9E5F474A7F" otype="Entity" vid="349B62B8-9B2B-FF59-F102-0D13886F3F10">
<hideElementsInCurrentOnly>false</hideElementsInCurrentOnly>
<bounds x="485" y="463" width="223" height="110"/>
</OView>
<OView class="oracle.dbtools.crest.swingui.logical.TVEntity" oid="BEE908CB-569E-C003-8362-4C9312C950F7" otype="Entity" vid="46F2A772-5D7D-8E4E-2F6B-88752DF08FE3">
<hideElementsInCurrentOnly>false</hideElementsInCurrentOnly>
<bounds x="997" y="11" width="150" height="110"/>
</OView>
<OView class="oracle.dbtools.crest.swingui.logical.TVEntity" oid="C1A8C351-D814-11C8-FD5E-A93E3CB1A691" otype="Entity" vid="8B9B4832-A73A-A468-5A61-20CF09C3980E">
<hideElementsInCurrentOnly>false</hideElementsInCurrentOnly>
<bounds x="1268" y="284" width="170" height="110"/>
</OView>
<OView class="oracle.dbtools.crest.swingui.logical.TVEntity" oid="C5B88EA0-981B-D7F5-D4FB-16C24041C3DD" otype="Entity" vid="52D5127E-6C63-A6ED-56F4-E5623A485001">
<hideElementsInCurrentOnly>false</hideElementsInCurrentOnly>
<bounds x="55" y="28" width="170" height="126"/>
</OView>
<OView class="oracle.dbtools.crest.swingui.logical.TVEntity" oid="D1C70640-C338-B4FD-0309-00414FCFD3EA" otype="Entity" vid="F935258A-D5BC-3550-E2E4-BB6AFFE3C9D4">
<hideElementsInCurrentOnly>false</hideElementsInCurrentOnly>
<bounds x="950" y="463" width="208" height="110"/>
</OView>
<OView class="oracle.dbtools.crest.swingui.logical.TVEntity" oid="D4478F75-4BFF-1C68-9B45-68C76761B53D" otype="Entity" vid="815092D0-2274-5F98-170D-CCDE2E640784">
<hideElementsInCurrentOnly>false</hideElementsInCurrentOnly>
<bounds x="505" y="677" width="170" height="110"/>
</OView>
<OView class="oracle.dbtools.crest.swingui.logical.TVEntity" oid="D5080C03-5949-EA5C-D566-4DBF31494DEA" otype="Entity" vid="E777EA1C-3717-7C64-0113-B2E4C343A1C5">
<hideElementsInCurrentOnly>false</hideElementsInCurrentOnly>
<bounds x="500" y="18" width="170" height="110"/>
</OView>
<OView class="oracle.dbtools.crest.swingui.logical.TVEntity" oid="D8F221CD-1CCC-F4BE-5BE3-E9A0E4A9F02B" otype="Entity" vid="D12D02BE-3CAB-2599-677F-5091B762468F">
<hideElementsInCurrentOnly>false</hideElementsInCurrentOnly>
<bounds x="54" y="679" width="170" height="110"/>
</OView>
<OView class="oracle.dbtools.crest.swingui.logical.TVEntity" oid="D92E4665-3CAD-42E0-F747-D8CFB8622A89" otype="Entity" vid="333CB007-8564-32A0-46EA-40CB871C3937">
<hideElementsInCurrentOnly>false</hideElementsInCurrentOnly>
<bounds x="71" y="491" width="170" height="110"/>
</OView>
<OView class="oracle.dbtools.crest.swingui.logical.TVEntity" oid="F8448E64-ED97-FCD6-A7E9-A8CB049A3B72" otype="Entity" vid="ED24A505-CB85-DDFE-B682-B6C7577A57EA">
<hideElementsInCurrentOnly>false</hideElementsInCurrentOnly>
<bounds x="868" y="250" width="199" height="120"/>
</OView>
<OView class="oracle.dbtools.crest.swingui.logical.TVEntity" oid="F9900559-2A51-3933-2743-58E30103FA0D" otype="Entity" vid="E25AA2DC-AE8C-2E35-F29D-DD8EE0EE3D85">
<hideElementsInCurrentOnly>false</hideElementsInCurrentOnly>
<bounds x="506" y="218" width="170" height="179"/>
</OView>
</objectViews>
<connectors>
<Connector class="oracle.dbtools.crest.swingui.logical.TVRelation" oid="033D8CD5-A577-D172-90B0-DD96291159B2" otype="Relation" vid_source="52D5127E-6C63-A6ED-56F4-E5623A485001" vid_target="E25AA2DC-AE8C-2E35-F29D-DD8EE0EE3D85">
<hideElementsInCurrentOnly>false</hideElementsInCurrentOnly>
<lineWidth>1</lineWidth>
<sourceLabel class="oracle.dbtools.crest.model.design.Label">
<site>0</site>
<labelBounds x="314" y="148" width="87" height="21"/>
<fonts itemClass="oracle.dbtools.crest.model.design.FontObjectWr">
<FontObject>
<foType>Text</foType>
<colorRGB>-16777216</colorRGB>
</FontObject>
</fonts>
</sourceLabel>
<targetLabel class="oracle.dbtools.crest.model.design.Label">
<site>2</site>
<labelBounds x="571" y="203" width="72" height="20"/>
<fonts itemClass="oracle.dbtools.crest.model.design.FontObjectWr">
<FontObject>
<foType>Text</foType>
<colorRGB>-16777216</colorRGB>
</FontObject>
</fonts>
</targetLabel>
<points>
<point x="221" y="145"/>
<point x="583" y="145"/>
<point x="583" y="218"/>
</points>
</Connector>
<Connector class="oracle.dbtools.crest.swingui.logical.TVRelation" oid="12381A27-C1CC-DB24-2317-C63E3EF673EE" otype="Relation" vid_source="ED24A505-CB85-DDFE-B682-B6C7577A57EA" vid_target="E25AA2DC-AE8C-2E35-F29D-DD8EE0EE3D85">
<hideElementsInCurrentOnly>false</hideElementsInCurrentOnly>
<lineWidth>1</lineWidth>
<targetLabel class="oracle.dbtools.crest.model.design.Label">
<site>2</site>
<labelBounds x="712" y="313" width="48" height="20"/>
<fonts itemClass="oracle.dbtools.crest.model.design.FontObjectWr">
<FontObject>
<foType>Text</foType>
<colorRGB>-16777216</colorRGB>
</FontObject>
</fonts>
</targetLabel>
<points>
<point x="883" y="286"/>
<point x="676" y="310"/>
</points>
</Connector>
<Connector class="oracle.dbtools.crest.swingui.logical.TVRelation" oid="14A71FB2-353A-9535-3CB0-9FA86880C1F7" otype="Relation" vid_source="ED24A505-CB85-DDFE-B682-B6C7577A57EA" vid_target="46F2A772-5D7D-8E4E-2F6B-88752DF08FE3">
<hideElementsInCurrentOnly>false</hideElementsInCurrentOnly>
<lineWidth>1</lineWidth>
<sourceLabel class="oracle.dbtools.crest.model.design.Label">
<site>0</site>
<labelBounds x="1043" y="211" width="19" height="20"/>
<fonts itemClass="oracle.dbtools.crest.model.design.FontObjectWr">
<FontObject>
<foType>Text</foType>
<colorRGB>-16777216</colorRGB>
</FontObject>
</fonts>
</sourceLabel>
<points>
<point x="1039" y="250"/>
<point x="1039" y="121"/>
</points>
</Connector>
<Connector class="oracle.dbtools.crest.swingui.logical.TVRelation" oid="2B579C04-CF14-B5BF-05B2-26C4993E2931" otype="Relation" vid_source="F935258A-D5BC-3550-E2E4-BB6AFFE3C9D4" vid_target="4C2D1550-C635-23A7-1F70-F4F08C302079">
<hideElementsInCurrentOnly>false</hideElementsInCurrentOnly>
<lineWidth>1</lineWidth>
<sourceLabel class="oracle.dbtools.crest.model.design.Label">
<site>0</site>
<labelBounds x="1196" y="510" width="53" height="20"/>
<fonts itemClass="oracle.dbtools.crest.model.design.FontObjectWr">
<FontObject>
<foType>Text</foType>
<colorRGB>-16777216</colorRGB>
</FontObject>
</fonts>
</sourceLabel>
<points>
<point x="1158" y="511"/>
<point x="1265" y="510"/>
</points>
</Connector>
<Connector class="oracle.dbtools.crest.swingui.logical.TVRelation" oid="36FFE8F7-752D-9DCC-EE0E-D891FEB89F51" otype="Relation" vid_source="E777EA1C-3717-7C64-0113-B2E4C343A1C5" vid_target="52D5127E-6C63-A6ED-56F4-E5623A485001">
<hideElementsInCurrentOnly>false</hideElementsInCurrentOnly>
<lineWidth>1</lineWidth>
<sourceLabel class="oracle.dbtools.crest.model.design.Label">
<site>0</site>
<labelBounds x="431" y="81" width="26" height="20"/>
<fonts itemClass="oracle.dbtools.crest.model.design.FontObjectWr">
<FontObject>
<foType>Text</foType>
<colorRGB>-16777216</colorRGB>
</FontObject>
</fonts>
</sourceLabel>
<targetLabel class="oracle.dbtools.crest.model.design.Label">
<site>2</site>
<labelBounds x="282" y="81" width="30" height="20"/>
<fonts itemClass="oracle.dbtools.crest.model.design.FontObjectWr">
<FontObject>
<foType>Text</foType>
<colorRGB>-16777216</colorRGB>
</FontObject>
</fonts>
</targetLabel>
<points>
<point x="500" y="78"/>
<point x="221" y="59"/>
</points>
</Connector>
<Connector class="oracle.dbtools.crest.swingui.logical.TVRelation" oid="4E7D9A8B-121E-8EBD-12F8-A6EF43DAE3F3" otype="Relation" vid_source="E25AA2DC-AE8C-2E35-F29D-DD8EE0EE3D85" vid_target="349B62B8-9B2B-FF59-F102-0D13886F3F10">
<hideElementsInCurrentOnly>false</hideElementsInCurrentOnly>
<lineWidth>1</lineWidth>
<sourceLabel class="oracle.dbtools.crest.model.design.Label">
<site>0</site>
<labelBounds x="594" y="402" width="44" height="20"/>
<fonts itemClass="oracle.dbtools.crest.model.design.FontObjectWr">
<FontObject>
<foType>Text</foType>
<colorRGB>-16777216</colorRGB>
</FontObject>
</fonts>
</sourceLabel>
<targetLabel class="oracle.dbtools.crest.model.design.Label">
<site>2</site>
<labelBounds x="607" y="446" width="73" height="20"/>
<fonts itemClass="oracle.dbtools.crest.model.design.FontObjectWr">
<FontObject>
<foType>Text</foType>
<colorRGB>-16777216</colorRGB>
</FontObject>
</fonts>
</targetLabel>
<points>
<point x="591" y="397"/>
<point x="591" y="463"/>
</points>
</Connector>
<Connector class="oracle.dbtools.crest.swingui.logical.TVRelation" oid="87A2CEE3-23FC-5966-03A9-40C23508F297" otype="Relation" vid_source="8B9B4832-A73A-A468-5A61-20CF09C3980E" vid_target="4C2D1550-C635-23A7-1F70-F4F08C302079">
<hideElementsInCurrentOnly>false</hideElementsInCurrentOnly>
<lineWidth>1</lineWidth>
<sourceLabel class="oracle.dbtools.crest.model.design.Label">
<site>0</site>
<labelBounds x="1355" y="396" width="64" height="20"/>
<fonts itemClass="oracle.dbtools.crest.model.design.FontObjectWr">
<FontObject>
<foType>Text</foType>
<colorRGB>-16777216</colorRGB>
</FontObject>
</fonts>
</sourceLabel>
<points>
<point x="1351" y="394"/>
<point x="1351" y="447"/>
</points>
</Connector>
<Connector class="oracle.dbtools.crest.swingui.logical.TVRelation" oid="8B17A650-37AF-B07D-7867-CA3372559CFB" otype="Relation" vid_source="52D5127E-6C63-A6ED-56F4-E5623A485001" vid_target="3BBDAAB3-318E-67C0-8590-5E14E5F77C3D">
<hideElementsInCurrentOnly>false</hideElementsInCurrentOnly>
<lineWidth>1</lineWidth>
<sourceLabel class="oracle.dbtools.crest.model.design.Label">
<site>0</site>
<labelBounds x="143" y="170" width="69" height="20"/>
<fonts itemClass="oracle.dbtools.crest.model.design.FontObjectWr">
<FontObject>
<foType>Text</foType>
<colorRGB>-16777216</colorRGB>
</FontObject>
</fonts>
</sourceLabel>
<targetLabel class="oracle.dbtools.crest.model.design.Label">
<site>2</site>
<labelBounds x="143" y="238" width="50" height="20"/>
<fonts itemClass="oracle.dbtools.crest.model.design.FontObjectWr">
<FontObject>
<foType>Text</foType>
<colorRGB>-16777216</colorRGB>
</FontObject>
</fonts>
</targetLabel>
<points>
<point x="137" y="159"/>
<point x="139" y="266"/>
</points>
</Connector>
<Connector class="oracle.dbtools.crest.swingui.logical.TVRelation" oid="ACE26CDD-8256-BD7C-0135-6AAB81DADFAF" otype="Relation" vid_source="801900FE-E950-7B9A-FF3D-044DE0F45216" vid_target="ED24A505-CB85-DDFE-B682-B6C7577A57EA">
<hideElementsInCurrentOnly>false</hideElementsInCurrentOnly>
<lineWidth>1</lineWidth>
<points>
<point x="1222" y="188"/>
<point x="1067" y="310"/>
</points>
</Connector>
<Connector class="oracle.dbtools.crest.swingui.logical.TVRelation" oid="B5ED4CC9-0C7A-FA87-5144-418FC161DEBF" otype="Relation" vid_source="3BBDAAB3-318E-67C0-8590-5E14E5F77C3D" vid_target="333CB007-8564-32A0-46EA-40CB871C3937">
<hideElementsInCurrentOnly>false</hideElementsInCurrentOnly>
<lineWidth>1</lineWidth>
<sourceLabel class="oracle.dbtools.crest.model.design.Label">
<site>0</site>
<labelBounds x="140" y="393" width="66" height="20"/>
<fonts itemClass="oracle.dbtools.crest.model.design.FontObjectWr">
<FontObject>
<foType>Text</foType>
<colorRGB>-16777216</colorRGB>
</FontObject>
</fonts>
</sourceLabel>
<targetLabel class="oracle.dbtools.crest.model.design.Label">
<site>2</site>
<labelBounds x="140" y="462" width="51" height="20"/>
<fonts itemClass="oracle.dbtools.crest.model.design.FontObjectWr">
<FontObject>
<foType>Text</foType>
<colorRGB>-16777216</colorRGB>
</FontObject>
</fonts>
</targetLabel>
<points>
<point x="137" y="376"/>
<point x="137" y="491"/>
</points>
</Connector>
<Connector class="oracle.dbtools.crest.swingui.logical.TVRelation" oid="B958E4B6-87FF-EBDA-C527-C338CA8FFA7A" otype="Relation" vid_source="ED24A505-CB85-DDFE-B682-B6C7577A57EA" vid_target="35D770FE-CB98-B0F2-E49A-C8B4C824C4E0">
<hideElementsInCurrentOnly>false</hideElementsInCurrentOnly>
<lineWidth>1</lineWidth>
<sourceLabel class="oracle.dbtools.crest.model.design.Label">
<site>0</site>
<labelBounds x="895" y="220" width="19" height="20"/>
<fonts itemClass="oracle.dbtools.crest.model.design.FontObjectWr">
<FontObject>
<foType>Text</foType>
<colorRGB>-16777216</colorRGB>
</FontObject>
</fonts>
</sourceLabel>
<points>
<point x="892" y="250"/>
<point x="892" y="131"/>
</points>
</Connector>
<Connector class="oracle.dbtools.crest.swingui.logical.TVRelation" oid="BC7135D8-1EB9-5932-0EE0-0B2FC0CDE6A4" otype="Relation" vid_source="333CB007-8564-32A0-46EA-40CB871C3937" vid_target="D12D02BE-3CAB-2599-677F-5091B762468F">
<hideElementsInCurrentOnly>false</hideElementsInCurrentOnly>
<lineWidth>1</lineWidth>
<sourceLabel class="oracle.dbtools.crest.model.design.Label">
<site>0</site>
<labelBounds x="150" y="609" width="26" height="20"/>
<fonts itemClass="oracle.dbtools.crest.model.design.FontObjectWr">
<FontObject>
<foType>Text</foType>
<colorRGB>-16777216</colorRGB>
</FontObject>
</fonts>
</sourceLabel>
<targetLabel class="oracle.dbtools.crest.model.design.Label">
<site>2</site>
<labelBounds x="150" y="659" width="72" height="18"/>
<fonts itemClass="oracle.dbtools.crest.model.design.FontObjectWr">
<FontObject>
<foType>Text</foType>
<colorRGB>-16777216</colorRGB>
</FontObject>
</fonts>
</targetLabel>
<points>
<point x="147" y="601"/>
<point x="147" y="679"/>
</points>
</Connector>
<Connector class="oracle.dbtools.crest.swingui.logical.TVRelation" oid="BE635688-1A78-6DDF-2F77-4F8F5A2E279A" otype="Relation" vid_source="349B62B8-9B2B-FF59-F102-0D13886F3F10" vid_target="F935258A-D5BC-3550-E2E4-BB6AFFE3C9D4">
<hideElementsInCurrentOnly>false</hideElementsInCurrentOnly>
<lineWidth>1</lineWidth>
<sourceLabel class="oracle.dbtools.crest.model.design.Label">
<site>0</site>
<labelBounds x="757" y="521" width="53" height="21"/>
<fonts itemClass="oracle.dbtools.crest.model.design.FontObjectWr">
<FontObject>
<foType>Text</foType>
<colorRGB>-16777216</colorRGB>
</FontObject>
</fonts>
</sourceLabel>
<targetLabel class="oracle.dbtools.crest.model.design.Label">
<site>2</site>
<labelBounds x="889" y="521" width="41" height="20"/>
<fonts itemClass="oracle.dbtools.crest.model.design.FontObjectWr">
<FontObject>
<foType>Text</foType>
<colorRGB>-16777216</colorRGB>
</FontObject>
</fonts>
</targetLabel>
<points>
<point x="708" y="518"/>
<point x="950" y="518"/>
</points>
</Connector>
<Connector class="oracle.dbtools.crest.swingui.logical.TVRelation" oid="E9542876-D13E-4442-2E54-36B88695AF11" otype="Relation" vid_source="815092D0-2274-5F98-170D-CCDE2E640784" vid_target="349B62B8-9B2B-FF59-F102-0D13886F3F10">
<hideElementsInCurrentOnly>false</hideElementsInCurrentOnly>
<lineWidth>1</lineWidth>
<sourceLabel class="oracle.dbtools.crest.model.design.Label">
<site>0</site>
<labelBounds x="593" y="651" width="53" height="20"/>
<fonts itemClass="oracle.dbtools.crest.model.design.FontObjectWr">
<FontObject>
<foType>Text</foType>
<colorRGB>-16777216</colorRGB>
</FontObject>
</fonts>
</sourceLabel>
<targetLabel class="oracle.dbtools.crest.model.design.Label">
<site>2</site>
<labelBounds x="593" y="587" width="93" height="20"/>
<fonts itemClass="oracle.dbtools.crest.model.design.FontObjectWr">
<FontObject>
<foType>Text</foType>
<colorRGB>-16777216</colorRGB>
</FontObject>
</fonts>
</targetLabel>
<points>
<point x="590" y="677"/>
<point x="590" y="573"/>
</points>
</Connector>
<Connector class="oracle.dbtools.crest.swingui.logical.TVRelation" oid="F2E71AAB-3D70-F583-112B-4C2C3B3112CC" otype="Relation" vid_source="333CB007-8564-32A0-46EA-40CB871C3937" vid_target="349B62B8-9B2B-FF59-F102-0D13886F3F10">
<hideElementsInCurrentOnly>false</hideElementsInCurrentOnly>
<lineWidth>1</lineWidth>
<sourceLabel class="oracle.dbtools.crest.model.design.Label">
<site>0</site>
<labelBounds x="290" y="535" width="50" height="20"/>
<fonts itemClass="oracle.dbtools.crest.model.design.FontObjectWr">
<FontObject>
<foType>Text</foType>
<colorRGB>-16777216</colorRGB>
</FontObject>
</fonts>
</sourceLabel>
<targetLabel class="oracle.dbtools.crest.model.design.Label">
<site>2</site>
<labelBounds x="408" y="535" width="112" height="20"/>
<fonts itemClass="oracle.dbtools.crest.model.design.FontObjectWr">
<FontObject>
<foType>Text</foType>
<colorRGB>-16777216</colorRGB>
</FontObject>
</fonts>
</targetLabel>
<points>
<point x="241" y="532"/>
<point x="485" y="532"/>
</points>
</Connector>
</connectors>
</Diagram>