<?xml version = '1.0' encoding = 'UTF-8'?>
<Diagram class="oracle.dbtools.crest.swingui.logical.DPVLogical" name="Logical" id="4025EEED-4298-9F79-5631-CC25CC20841A">
<createdBy>jencmart</createdBy>
<modifiedBy>jencmart</modifiedBy>
<createdTime>2017-03-01 21:34:15 UTC</createdTime>
<autoRoute>false</autoRoute>
<boxInbox>true</boxInbox>
<showLegend>false</showLegend>
<showLabels>true</showLabels>
<showRelAttributes>false</showRelAttributes>
<gridEnabled>false</gridEnabled>
<showGrid>false</showGrid>
<diagramColor>-1</diagramColor>
<display>false</display>
<notation>1</notation>
<objectViews>
<OView class="oracle.dbtools.crest.swingui.logical.TVEntity" oid="196B1CDE-85F7-45A2-440B-CD51B8520637" otype="Entity" vid="3BBDAAB3-318E-67C0-8590-5E14E5F77C3D">
<hideElementsInCurrentOnly>false</hideElementsInCurrentOnly>
<bounds x="54" y="266" width="170" height="110"/>
</OView>
<OView class="oracle.dbtools.crest.swingui.logical.TVEntity" oid="20F8181E-E4A9-D8DC-D310-4F3F893E5353" otype="Entity" vid="801900FE-E950-7B9A-FF3D-044DE0F45216">
<hideElementsInCurrentOnly>false</hideElementsInCurrentOnly>
<bounds x="1181" y="231" width="232" height="112"/>
</OView>
<OView class="oracle.dbtools.crest.swingui.logical.TVEntity" oid="3607C176-4483-C559-FB7A-2E35A4F3986D" otype="Entity" vid="85A99968-AF88-972D-1851-9D5C25F1B855">
<hideElementsInCurrentOnly>false</hideElementsInCurrentOnly>
<bounds x="769" y="489" width="120" height="56"/>
</OView>
<OView class="oracle.dbtools.crest.swingui.logical.TVEntity" oid="83C47A4C-A9B7-5DD3-03D5-AA630B8FCBB9" otype="Entity" vid="35D770FE-CB98-B0F2-E49A-C8B4C824C4E0">
<hideElementsInCurrentOnly>false</hideElementsInCurrentOnly>
<bounds x="821" y="21" width="135" height="110"/>
</OView>
<OView class="oracle.dbtools.crest.swingui.TVNote" oid="B2B5AB10-C102-B3C2-2B21-199C7072A88F" otype="Note" vid="3C59BA1B-0E04-6710-CABB-238FFACC4B6A">
<hideElementsInCurrentOnly>false</hideElementsInCurrentOnly>
<bounds x="808" y="684" width="608" height="40"/>
<comment>IO1: Poslicek muze rozvazet jidlou pouze zakaznikovi ktery ma adresu v lokalite, ve ktere poslicek rozvazi</comment>
</OView>
<OView class="oracle.dbtools.crest.swingui.logical.TVEntity" oid="B888C818-B3E9-7E33-B7C1-F496932DF4E8" otype="Entity" vid="4C2D1550-C635-23A7-1F70-F4F08C302079">
<hideElementsInCurrentOnly>false</hideElementsInCurrentOnly>
<bounds x="1216" y="505" width="96" height="33"/>
</OView>
<OView class="oracle.dbtools.crest.swingui.logical.TVEntity" oid="BC660DA9-C180-FF5A-D98B-7E9E5F474A7F" otype="Entity" vid="349B62B8-9B2B-FF59-F102-0D13886F3F10">
<hideElementsInCurrentOnly>false</hideElementsInCurrentOnly>
<bounds x="485" y="463" width="223" height="110"/>
</OView>
<OView class="oracle.dbtools.crest.swingui.logical.TVEntity" oid="BEE908CB-569E-C003-8362-4C9312C950F7" otype="Entity" vid="46F2A772-5D7D-8E4E-2F6B-88752DF08FE3">
<hideElementsInCurrentOnly>false</hideElementsInCurrentOnly>
<bounds x="998" y="23" width="150" height="111"/>
</OView>
<OView class="oracle.dbtools.crest.swingui.logical.TVEntity" oid="C1A8C351-D814-11C8-FD5E-A93E3CB1A691" otype="Entity" vid="8B9B4832-A73A-A468-5A61-20CF09C3980E">
<hideElementsInCurrentOnly>false</hideElementsInCurrentOnly>
<bounds x="1369" y="453" width="170" height="110"/>
</OView>
<OView class="oracle.dbtools.crest.swingui.logical.TVEntity" oid="C5B88EA0-981B-D7F5-D4FB-16C24041C3DD" otype="Entity" vid="52D5127E-6C63-A6ED-56F4-E5623A485001">
<hideElementsInCurrentOnly>false</hideElementsInCurrentOnly>
<bounds x="55" y="28" width="170" height="126"/>
</OView>
<OView class="oracle.dbtools.crest.swingui.logical.TVEntity" oid="D1C70640-C338-B4FD-0309-00414FCFD3EA" otype="Entity" vid="F935258A-D5BC-3550-E2E4-BB6AFFE3C9D4">
<hideElementsInCurrentOnly>false</hideElementsInCurrentOnly>
<bounds x="955" y="460" width="208" height="110"/>
</OView>
<OView class="oracle.dbtools.crest.swingui.logical.TVEntity" oid="D4478F75-4BFF-1C68-9B45-68C76761B53D" otype="Entity" vid="815092D0-2274-5F98-170D-CCDE2E640784">
<hideElementsInCurrentOnly>false</hideElementsInCurrentOnly>
<bounds x="512" y="665" width="170" height="111"/>
</OView>
<OView class="oracle.dbtools.crest.swingui.logical.TVEntity" oid="D5080C03-5949-EA5C-D566-4DBF31494DEA" otype="Entity" vid="E777EA1C-3717-7C64-0113-B2E4C343A1C5">
<hideElementsInCurrentOnly>false</hideElementsInCurrentOnly>
<bounds x="521" y="18" width="170" height="110"/>
</OView>
<OView class="oracle.dbtools.crest.swingui.logical.TVEntity" oid="D92E4665-3CAD-42E0-F747-D8CFB8622A89" otype="Entity" vid="333CB007-8564-32A0-46EA-40CB871C3937">
<hideElementsInCurrentOnly>false</hideElementsInCurrentOnly>
<bounds x="59" y="487" width="170" height="110"/>
</OView>
<OView class="oracle.dbtools.crest.swingui.logical.TVEntity" oid="F8448E64-ED97-FCD6-A7E9-A8CB049A3B72" otype="Entity" vid="ED24A505-CB85-DDFE-B682-B6C7577A57EA">
<hideElementsInCurrentOnly>false</hideElementsInCurrentOnly>
<bounds x="870" y="234" width="199" height="120"/>
</OView>
<OView class="oracle.dbtools.crest.swingui.logical.TVEntity" oid="F9900559-2A51-3933-2743-58E30103FA0D" otype="Entity" vid="E25AA2DC-AE8C-2E35-F29D-DD8EE0EE3D85">
<hideElementsInCurrentOnly>false</hideElementsInCurrentOnly>
<bounds x="506" y="218" width="170" height="179"/>
</OView>
</objectViews>
<connectors>
<Connector class="oracle.dbtools.crest.swingui.logical.TVRelation" oid="033D8CD5-A577-D172-90B0-DD96291159B2" otype="Relation" vid_source="52D5127E-6C63-A6ED-56F4-E5623A485001" vid_target="E25AA2DC-AE8C-2E35-F29D-DD8EE0EE3D85">
<hideElementsInCurrentOnly>false</hideElementsInCurrentOnly>
<lineWidth>1</lineWidth>
<sourceLabel class="oracle.dbtools.crest.model.design.Label">
<site>0</site>
<labelBounds x="314" y="138" width="87" height="21"/>
</sourceLabel>
<targetLabel class="oracle.dbtools.crest.model.design.Label">
<site>2</site>
<labelBounds x="571" y="193" width="72" height="20"/>
</targetLabel>
<points>
<point x="225" y="145"/>
<point x="583" y="145"/>
<point x="583" y="218"/>
</points>
</Connector>
<Connector class="oracle.dbtools.crest.swingui.logical.TVRelation" oid="06794140-5113-D656-09A6-64C9BBAF3175" otype="Relation" vid_source="349B62B8-9B2B-FF59-F102-0D13886F3F10" vid_target="85A99968-AF88-972D-1851-9D5C25F1B855">
<hideElementsInCurrentOnly>false</hideElementsInCurrentOnly>
<lineWidth>1</lineWidth>
<points>
<point x="708" y="517"/>
<point x="768" y="507"/>
</points>
</Connector>
<Connector class="oracle.dbtools.crest.swingui.logical.TVRelation" oid="12381A27-C1CC-DB24-2317-C63E3EF673EE" otype="Relation" vid_source="ED24A505-CB85-DDFE-B682-B6C7577A57EA" vid_target="E25AA2DC-AE8C-2E35-F29D-DD8EE0EE3D85">
<hideElementsInCurrentOnly>false</hideElementsInCurrentOnly>
<lineWidth>1</lineWidth>
<targetLabel class="oracle.dbtools.crest.model.design.Label">
<site>2</site>
<labelBounds x="713" y="287" width="48" height="20"/>
</targetLabel>
<points>
<point x="870" y="294"/>
<point x="676" y="294"/>
</points>
</Connector>
<Connector class="oracle.dbtools.crest.swingui.logical.TVRelation" oid="14A71FB2-353A-9535-3CB0-9FA86880C1F7" otype="Relation" vid_source="ED24A505-CB85-DDFE-B682-B6C7577A57EA" vid_target="46F2A772-5D7D-8E4E-2F6B-88752DF08FE3">
<hideElementsInCurrentOnly>false</hideElementsInCurrentOnly>
<lineWidth>1</lineWidth>
<sourceLabel class="oracle.dbtools.crest.model.design.Label">
<site>0</site>
<labelBounds x="1037" y="199" width="19" height="20"/>
</sourceLabel>
<points>
<point x="1033" y="234"/>
<point x="1033" y="134"/>
</points>
</Connector>
<Connector class="oracle.dbtools.crest.swingui.logical.TVRelation" oid="2B579C04-CF14-B5BF-05B2-26C4993E2931" otype="Relation" vid_source="F935258A-D5BC-3550-E2E4-BB6AFFE3C9D4" vid_target="4C2D1550-C635-23A7-1F70-F4F08C302079">
<hideElementsInCurrentOnly>false</hideElementsInCurrentOnly>
<lineWidth>1</lineWidth>
<points>
<point x="1163" y="521"/>
<point x="1216" y="521"/>
</points>
</Connector>
<Connector class="oracle.dbtools.crest.swingui.logical.TVRelation" oid="36FFE8F7-752D-9DCC-EE0E-D891FEB89F51" otype="Relation" vid_source="E777EA1C-3717-7C64-0113-B2E4C343A1C5" vid_target="52D5127E-6C63-A6ED-56F4-E5623A485001">
<hideElementsInCurrentOnly>false</hideElementsInCurrentOnly>
<lineWidth>1</lineWidth>
<sourceLabel class="oracle.dbtools.crest.model.design.Label">
<site>0</site>
<labelBounds x="447" y="71" width="26" height="20"/>
</sourceLabel>
<targetLabel class="oracle.dbtools.crest.model.design.Label">
<site>2</site>
<labelBounds x="287" y="71" width="30" height="20"/>
</targetLabel>
<points>
<point x="521" y="78"/>
<point x="225" y="78"/>
</points>
</Connector>
<Connector class="oracle.dbtools.crest.swingui.logical.TVRelation" oid="4E7D9A8B-121E-8EBD-12F8-A6EF43DAE3F3" otype="Relation" vid_source="E25AA2DC-AE8C-2E35-F29D-DD8EE0EE3D85" vid_target="349B62B8-9B2B-FF59-F102-0D13886F3F10">
<hideElementsInCurrentOnly>false</hideElementsInCurrentOnly>
<lineWidth>1</lineWidth>
<sourceLabel class="oracle.dbtools.crest.model.design.Label">
<site>0</site>
<labelBounds x="594" y="392" width="44" height="20"/>
</sourceLabel>
<targetLabel class="oracle.dbtools.crest.model.design.Label">
<site>2</site>
<labelBounds x="594" y="436" width="73" height="20"/>
</targetLabel>
<points>
<point x="591" y="397"/>
<point x="591" y="463"/>
</points>
</Connector>
<Connector class="oracle.dbtools.crest.swingui.logical.TVRelation" oid="7AB07E9A-CABF-BF5E-5729-B2292726EA61" otype="Relation" vid_source="F935258A-D5BC-3550-E2E4-BB6AFFE3C9D4" vid_target="85A99968-AF88-972D-1851-9D5C25F1B855">
<hideElementsInCurrentOnly>false</hideElementsInCurrentOnly>
<lineWidth>1</lineWidth>
<points>
<point x="955" y="517"/>
<point x="888" y="507"/>
</points>
</Connector>
<Connector class="oracle.dbtools.crest.swingui.logical.TVRelation" oid="87A2CEE3-23FC-5966-03A9-40C23508F297" otype="Relation" vid_source="8B9B4832-A73A-A468-5A61-20CF09C3980E" vid_target="4C2D1550-C635-23A7-1F70-F4F08C302079">
<hideElementsInCurrentOnly>false</hideElementsInCurrentOnly>
<lineWidth>1</lineWidth>
<points>
<point x="1369" y="521"/>
<point x="1312" y="521"/>
</points>
</Connector>
<Connector class="oracle.dbtools.crest.swingui.logical.TVRelation" oid="8B17A650-37AF-B07D-7867-CA3372559CFB" otype="Relation" vid_source="52D5127E-6C63-A6ED-56F4-E5623A485001" vid_target="3BBDAAB3-318E-67C0-8590-5E14E5F77C3D">
<hideElementsInCurrentOnly>false</hideElementsInCurrentOnly>
<lineWidth>1</lineWidth>
<sourceLabel class="oracle.dbtools.crest.model.design.Label">
<site>0</site>
<labelBounds x="148" y="172" width="69" height="20"/>
</sourceLabel>
<targetLabel class="oracle.dbtools.crest.model.design.Label">
<site>2</site>
<labelBounds x="149" y="228" width="50" height="20"/>
</targetLabel>
<points>
<point x="137" y="154"/>
<point x="139" y="266"/>
</points>
</Connector>
<Connector class="oracle.dbtools.crest.swingui.logical.TVRelation" oid="ACE26CDD-8256-BD7C-0135-6AAB81DADFAF" otype="Relation" vid_source="801900FE-E950-7B9A-FF3D-044DE0F45216" vid_target="ED24A505-CB85-DDFE-B682-B6C7577A57EA">
<hideElementsInCurrentOnly>false</hideElementsInCurrentOnly>
<lineWidth>1</lineWidth>
<points>
<point x="1181" y="288"/>
<point x="1069" y="288"/>
</points>
</Connector>
<Connector class="oracle.dbtools.crest.swingui.logical.TVRelation" oid="B5ED4CC9-0C7A-FA87-5144-418FC161DEBF" otype="Relation" vid_source="3BBDAAB3-318E-67C0-8590-5E14E5F77C3D" vid_target="333CB007-8564-32A0-46EA-40CB871C3937">
<hideElementsInCurrentOnly>false</hideElementsInCurrentOnly>
<lineWidth>1</lineWidth>
<sourceLabel class="oracle.dbtools.crest.model.design.Label">
<site>0</site>
<labelBounds x="145" y="382" width="66" height="20"/>
</sourceLabel>
<targetLabel class="oracle.dbtools.crest.model.design.Label">
<site>2</site>
<labelBounds x="145" y="449" width="51" height="20"/>
</targetLabel>
<points>
<point x="141" y="376"/>
<point x="141" y="487"/>
</points>
</Connector>
<Connector class="oracle.dbtools.crest.swingui.logical.TVRelation" oid="B958E4B6-87FF-EBDA-C527-C338CA8FFA7A" otype="Relation" vid_source="ED24A505-CB85-DDFE-B682-B6C7577A57EA" vid_target="35D770FE-CB98-B0F2-E49A-C8B4C824C4E0">
<hideElementsInCurrentOnly>false</hideElementsInCurrentOnly>
<lineWidth>1</lineWidth>
<sourceLabel class="oracle.dbtools.crest.model.design.Label">
<site>0</site>
<labelBounds x="916" y="198" width="19" height="20"/>
</sourceLabel>
<points>
<point x="913" y="234"/>
<point x="913" y="131"/>
</points>
</Connector>
<Connector class="oracle.dbtools.crest.swingui.logical.TVRelation" oid="E9542876-D13E-4442-2E54-36B88695AF11" otype="Relation" vid_source="815092D0-2274-5F98-170D-CCDE2E640784" vid_target="349B62B8-9B2B-FF59-F102-0D13886F3F10">
<hideElementsInCurrentOnly>false</hideElementsInCurrentOnly>
<lineWidth>1</lineWidth>
<sourceLabel class="oracle.dbtools.crest.model.design.Label">
<site>0</site>
<labelBounds x="600" y="632" width="53" height="20"/>
</sourceLabel>
<targetLabel class="oracle.dbtools.crest.model.design.Label">
<site>2</site>
<labelBounds x="600" y="574" width="93" height="20"/>
</targetLabel>
<points>
<point x="597" y="665"/>
<point x="597" y="573"/>
</points>
</Connector>
<Connector class="oracle.dbtools.crest.swingui.logical.TVRelation" oid="F2E71AAB-3D70-F583-112B-4C2C3B3112CC" otype="Relation" vid_source="333CB007-8564-32A0-46EA-40CB871C3937" vid_target="349B62B8-9B2B-FF59-F102-0D13886F3F10">
<hideElementsInCurrentOnly>false</hideElementsInCurrentOnly>
<lineWidth>1</lineWidth>
<sourceLabel class="oracle.dbtools.crest.model.design.Label">
<site>0</site>
<labelBounds x="281" y="523" width="50" height="20"/>
</sourceLabel>
<targetLabel class="oracle.dbtools.crest.model.design.Label">
<site>2</site>
<labelBounds x="421" y="523" width="112" height="20"/>
</targetLabel>
<points>
<point x="229" y="530"/>
<point x="485" y="530"/>
</points>
</Connector>
</connectors>
</Diagram>