<?xml version = '1.0' encoding = 'UTF-8'?>
<relationalModel class="oracle.dbtools.crest.model.design.relational.RelationalDesign" name="Relational_1" id="8E283CEE-4D6C-6372-395A-09B02EBDFD72" mainViewID="988BC7EF-7E29-E47C-2678-302B036EA5C2">
<createdBy>jencmart</createdBy>
<createdTime>2017-03-01 21:34:23 UTC</createdTime>
<ownerDesignName>rozvozJIdelKonceptualni</ownerDesignName>
<shouldBeOpen>false</shouldBeOpen>
<selectedRDBMSSite>32076570-2523-435C-2E92-BF29817DFF70</selectedRDBMSSite>
</relationalModel>